state,date,confirmed,deaths,recovered,confirmed.log,deaths.log
Alabama,2020-03-13,5,0,-Inf,0.6989700043360189,-Inf
Alabama,2020-03-14,6,0,-Inf,0.7781512503836436,-Inf
Alabama,2020-03-15,12,0,-Inf,1.0791812460476249,-Inf
Alabama,2020-03-16,29,0,-Inf,1.462397997898956,-Inf
Alabama,2020-03-17,39,0,-Inf,1.591064607026499,-Inf
Alabama,2020-03-18,46,0,-Inf,1.662757831681574,-Inf
Alabama,2020-03-19,78,0,-Inf,1.8920946026904804,-Inf
Alabama,2020-03-20,83,0,-Inf,1.919078092376074,-Inf
Alabama,2020-03-21,131,0,-Inf,2.1172712956557644,-Inf
Alabama,2020-03-22,157,0,-Inf,2.1958996524092336,-Inf
Alabama,2020-03-23,196,0,-Inf,2.292256071356476,-Inf
Alabama,2020-03-24,242,0,-Inf,2.383815365980431,-Inf
Alabama,2020-03-25,381,1,-Inf,2.5809249756756194,0
Alabama,2020-03-26,517,1,-Inf,2.7134905430939424,0
Alabama,2020-03-27,587,4,-Inf,2.7686381012476144,0.6020599913279624
Alabama,2020-03-28,694,4,-Inf,2.841359470454855,0.6020599913279624
Alabama,2020-03-29,825,10,-Inf,2.916453948549925,1
Alabama,2020-03-30,899,10,-Inf,2.9537596917332287,1
Alabama,2020-03-31,987,23,-Inf,2.9943171526696366,1.3617278360175928
Alabama,2020-04-01,1060,27,-Inf,3.0253058652647704,1.4313637641589874
Alabama,2020-04-02,1233,32,-Inf,3.0909630765957314,1.505149978319906
Alabama,2020-04-03,1495,38,-Inf,3.1746411926604483,1.5797835966168101
Alabama,2020-04-04,1614,44,-Inf,3.2079035303860515,1.6434526764861874
Alabama,2020-04-05,1765,45,-Inf,3.2467447097238415,1.6532125137753437
Alabama,2020-04-06,1952,49,-Inf,3.290479813330673,1.6901960800285136
Alabama,2020-04-07,2169,64,-Inf,3.336259552014193,1.806179973983887
Alabama,2020-04-08,2328,66,-Inf,3.3669829759778507,1.8195439355418688
Alaska,2020-03-10,0,0,-Inf,-Inf,-Inf
Alaska,2020-03-11,0,0,-Inf,-Inf,-Inf
Alaska,2020-03-12,0,0,-Inf,-Inf,-Inf
Alaska,2020-03-13,1,0,-Inf,0,-Inf
Alaska,2020-03-15,1,0,-Inf,0,-Inf
Alaska,2020-03-16,1,0,-Inf,0,-Inf
Alaska,2020-03-17,3,0,-Inf,0.47712125471966244,-Inf
Alaska,2020-03-18,6,0,-Inf,0.7781512503836436,-Inf
Alaska,2020-03-19,9,0,-Inf,0.9542425094393249,-Inf
Alaska,2020-03-20,12,0,-Inf,1.0791812460476249,-Inf
Alaska,2020-03-21,15,0,-Inf,1.1760912590556813,-Inf
Alaska,2020-03-22,20,0,-Inf,1.3010299956639813,-Inf
Alaska,2020-03-23,30,0,-Inf,1.4771212547196624,-Inf
Alaska,2020-03-24,34,0,-Inf,1.5314789170422551,-Inf
Alaska,2020-03-25,41,1,-Inf,1.6127838567197355,0
Alaska,2020-03-26,56,1,-Inf,1.7481880270062005,0
Alaska,2020-03-27,58,1,-Inf,1.7634279935629373,0
Alaska,2020-03-28,85,2,-Inf,1.9294189257142929,0.3010299956639812
Alaska,2020-03-29,102,2,-Inf,2.0086001717619175,0.3010299956639812
Alaska,2020-03-30,114,3,-Inf,2.0569048513364727,0.47712125471966244
Alaska,2020-03-31,119,3,-Inf,2.075546961392531,0.47712125471966244
Alaska,2020-04-01,132,3,-Inf,2.12057393120585,0.47712125471966244
Alaska,2020-04-02,143,3,-Inf,2.155336037465062,0.47712125471966244
Alaska,2020-04-03,157,3,-Inf,2.1958996524092336,0.47712125471966244
Alaska,2020-04-04,171,5,-Inf,2.2329961103921536,0.6989700043360189
Alaska,2020-04-05,185,6,-Inf,2.2671717284030137,0.7781512503836436
Alaska,2020-04-06,190,6,-Inf,2.278753600952829,0.7781512503836436
Alaska,2020-04-07,213,6,-Inf,2.3283796034387376,0.7781512503836436
Alaska,2020-04-08,226,7,-Inf,2.3541084391474008,0.8450980400142568
Arizona,2020-03-10,6,0,0,0.7781512503836436,-Inf
Arizona,2020-03-11,9,0,0,0.9542425094393249,-Inf
Arizona,2020-03-12,9,0,0,0.9542425094393249,-Inf
Arizona,2020-03-13,9,0,0,0.9542425094393249,-Inf
Arizona,2020-03-14,12,0,0,1.0791812460476249,-Inf
Arizona,2020-03-15,13,0,0,1.1139433523068367,-Inf
Arizona,2020-03-16,18,0,0,1.255272505103306,-Inf
Arizona,2020-03-17,20,0,0,1.3010299956639813,-Inf
Arizona,2020-03-18,27,0,-Inf,1.4313637641589874,-Inf
Arizona,2020-03-19,45,0,-Inf,1.6532125137753437,-Inf
Arizona,2020-03-20,78,0,-Inf,1.8920946026904804,-Inf
Arizona,2020-03-21,118,1,-Inf,2.0718820073061255,0
Arizona,2020-03-22,152,2,-Inf,2.1818435879447726,0.3010299956639812
Arizona,2020-03-23,235,2,-Inf,2.3710678622717363,0.3010299956639812
Arizona,2020-03-24,326,5,-Inf,2.513217600067939,0.6989700043360189
Arizona,2020-03-25,401,6,-Inf,2.603144372620182,0.7781512503836436
Arizona,2020-03-26,508,8,-Inf,2.7058637122839193,0.9030899869919435
Arizona,2020-03-27,665,13,-Inf,2.8228216453031045,1.1139433523068367
Arizona,2020-03-28,773,15,-Inf,2.888179493918325,1.1760912590556813
Arizona,2020-03-29,919,17,-Inf,2.9633155113861114,1.2304489213782739
Arizona,2020-03-30,1157,20,-Inf,3.0633333589517497,1.3010299956639813
Arizona,2020-03-31,1289,24,-Inf,3.110252917353403,1.380211241711606
Arizona,2020-04-01,1530,29,-Inf,3.184691430817599,1.462397997898956
Arizona,2020-04-02,1715,32,-Inf,3.2342641243787895,1.505149978319906
Arizona,2020-04-03,1937,41,-Inf,3.287129620719111,1.6127838567197355
Arizona,2020-04-04,2187,52,-Inf,3.339848783037637,1.7160033436347992
Arizona,2020-04-05,2486,64,-Inf,3.395501124305626,1.806179973983887
Arizona,2020-04-06,2732,65,-Inf,3.436480695009495,1.8129133566428555
Arizona,2020-04-07,2870,73,-Inf,3.4578818967339924,1.863322860120456
Arizona,2020-04-08,3036,80,-Inf,3.4823017672234426,1.9030899869919435
Arkansas,2020-03-10,0,0,-Inf,-Inf,-Inf
Arkansas,2020-03-11,1,0,-Inf,0,-Inf
Arkansas,2020-03-12,6,0,-Inf,0.7781512503836436,-Inf
Arkansas,2020-03-13,6,0,-Inf,0.7781512503836436,-Inf
Arkansas,2020-03-14,12,0,-Inf,1.0791812460476249,-Inf
Arkansas,2020-03-15,16,0,-Inf,1.2041199826559248,-Inf
Arkansas,2020-03-16,22,0,-Inf,1.3424226808222062,-Inf
Arkansas,2020-03-17,22,0,-Inf,1.3424226808222062,-Inf
Arkansas,2020-03-18,33,0,-Inf,1.5185139398778875,-Inf
Arkansas,2020-03-19,62,0,-Inf,1.792391689498254,-Inf
Arkansas,2020-03-20,96,0,-Inf,1.9822712330395684,-Inf
Arkansas,2020-03-21,122,0,-Inf,2.0863598306747484,-Inf
Arkansas,2020-03-22,165,0,-Inf,2.2174839442139063,-Inf
Arkansas,2020-03-23,192,0,-Inf,2.2833012287035497,-Inf
Arkansas,2020-03-24,219,2,-Inf,2.3404441148401185,0.3010299956639812
Arkansas,2020-03-25,280,2,-Inf,2.4471580313422194,0.3010299956639812
Arkansas,2020-03-26,335,2,-Inf,2.525044807036845,0.3010299956639812
Arkansas,2020-03-27,381,3,-Inf,2.5809249756756194,0.47712125471966244
Arkansas,2020-03-28,409,5,-Inf,2.611723308007342,0.6989700043360189
Arkansas,2020-03-29,426,6,-Inf,2.629409599102719,0.7781512503836436
Arkansas,2020-03-30,473,7,-Inf,2.6748611407378116,0.8450980400142568
Arkansas,2020-03-31,523,8,-Inf,2.718501688867274,0.9030899869919435
Arkansas,2020-04-01,584,10,-Inf,2.7664128471123997,1
Arkansas,2020-04-02,643,12,-Inf,2.808210972924222,1.0791812460476249
Arkansas,2020-04-03,704,12,-Inf,2.847572659142112,1.0791812460476249
Arkansas,2020-04-04,743,14,-Inf,2.8709888137605755,1.146128035678238
Arkansas,2020-04-05,837,16,-Inf,2.92272545799326,1.2041199826559248
Arkansas,2020-04-06,875,16,-Inf,2.942008053022313,1.2041199826559248
Arkansas,2020-04-07,946,18,-Inf,2.975891136401793,1.255272505103306
Arkansas,2020-04-08,1000,18,-Inf,3,1.255272505103306
California,2020-03-10,144,2,0.3010299956639812,2.1583624920952498,0.3010299956639812
California,2020-03-11,177,3,0.3010299956639812,2.2479732663618064,0.47712125471966244
California,2020-03-12,221,4,0.7781512503836436,2.3443922736851106,0.6020599913279624
California,2020-03-13,282,4,0.7781512503836436,2.450249108319361,0.6020599913279624
California,2020-03-14,340,5,0.7781512503836436,2.531478917042255,0.6989700043360189
California,2020-03-15,426,6,0.7781512503836436,2.629409599102719,0.7781512503836436
California,2020-03-16,557,7,0.7781512503836436,2.745855195173729,0.8450980400142568
California,2020-03-17,698,12,0.7781512503836436,2.843855422623161,1.0791812460476249
California,2020-03-18,751,13,-Inf,2.8756399370041685,1.1139433523068367
California,2020-03-19,952,18,-Inf,2.9786369483844743,1.255272505103306
California,2020-03-20,1177,23,-Inf,3.0707764628434346,1.3617278360175928
California,2020-03-21,1364,24,-Inf,3.13481437032046,1.380211241711606
California,2020-03-22,1646,30,-Inf,3.216429830876251,1.4771212547196624
California,2020-03-23,2108,39,-Inf,3.323870606540509,1.591064607026499
California,2020-03-24,2538,50,-Inf,3.404491617758686,1.6989700043360187
California,2020-03-25,2998,65,-Inf,3.4768316285122607,1.8129133566428555
California,2020-03-26,3899,81,-Inf,3.590953235187986,1.9084850188786497
California,2020-03-27,4657,94,-Inf,3.668106237932731,1.9731278535996986
California,2020-03-28,5095,110,-Inf,3.707144188342445,2.041392685158225
California,2020-03-29,5852,124,-Inf,3.767304317453273,2.093421685162235
California,2020-03-30,7138,146,-Inf,3.8535765436196416,2.164352855784437
California,2020-03-31,8210,173,-Inf,3.9143431571194407,2.2380461031287955
California,2020-04-01,9399,199,-Inf,3.9730816496013674,2.298853076409707
California,2020-04-02,10773,238,-Inf,4.032336659845735,2.376576957056512
California,2020-04-03,12004,265,-Inf,4.079325986752815,2.423245873936808
California,2020-04-04,12837,289,-Inf,4.108463541203595,2.4608978427565478
California,2020-04-05,15034,348,-Inf,4.177074545910076,2.5415792439465807
California,2020-04-06,16019,380,-Inf,4.204635401383848,2.57978359661681
California,2020-04-07,17351,432,-Inf,4.239324509787797,2.635483746814912
California,2020-04-08,18897,495,-Inf,4.276392863069535,2.694605198933569
Colorado,2020-03-10,15,0,-Inf,1.1760912590556813,-Inf
Colorado,2020-03-11,34,0,-Inf,1.5314789170422551,-Inf
Colorado,2020-03-12,45,0,-Inf,1.6532125137753437,-Inf
Colorado,2020-03-13,49,0,-Inf,1.6901960800285136,-Inf
Colorado,2020-03-14,101,1,-Inf,2.0043213737826426,0
Colorado,2020-03-15,131,1,-Inf,2.1172712956557644,0
Colorado,2020-03-16,160,1,-Inf,2.204119982655925,0
Colorado,2020-03-17,160,2,-Inf,2.204119982655925,0.3010299956639812
Colorado,2020-03-18,184,2,-Inf,2.2648178230095364,0.3010299956639812
Colorado,2020-03-19,277,4,-Inf,2.4424797690644486,0.6020599913279624
Colorado,2020-03-20,363,4,-Inf,2.5599066250361124,0.6020599913279624
Colorado,2020-03-21,390,4,-Inf,2.591064607026499,0.6020599913279624
Colorado,2020-03-22,591,6,-Inf,2.7715874808812555,0.7781512503836436
Colorado,2020-03-23,704,7,-Inf,2.847572659142112,0.8450980400142568
Colorado,2020-03-24,723,8,-Inf,2.859138297294531,0.9030899869919435
Colorado,2020-03-25,1021,16,-Inf,3.0090257420869104,1.2041199826559248
Colorado,2020-03-26,1430,19,-Inf,3.155336037465062,1.2787536009528289
Colorado,2020-03-27,1433,27,-Inf,3.1562461903973444,1.4313637641589874
Colorado,2020-03-28,1740,31,-Inf,3.2405492482825995,1.4913616938342726
Colorado,2020-03-29,2307,47,-Inf,3.3630475945210936,1.6720978579357175
Colorado,2020-03-30,2311,47,-Inf,3.3637999454791094,1.6720978579357175
Colorado,2020-03-31,2966,69,-Inf,3.472171146692363,1.8388490907372552
Colorado,2020-04-01,2982,69,-Inf,3.474507639116976,1.8388490907372552
Colorado,2020-04-02,3342,80,-Inf,3.5240064455573723,1.9030899869919435
Colorado,2020-04-03,3742,97,-Inf,3.573103783163991,1.9867717342662448
Colorado,2020-04-04,4188,111,-Inf,3.622006673006805,2.0453229787866576
Colorado,2020-04-05,4950,140,-Inf,3.694605198933569,2.146128035678238
Colorado,2020-04-06,5183,150,-Inf,3.7145812088395314,2.1760912590556813
Colorado,2020-04-07,5429,179,-Inf,3.73471984165568,2.2528530309798933
Colorado,2020-04-08,5655,193,-Inf,3.752432609261474,2.285557309007774
Connecticut,2020-03-10,2,0,-Inf,0.3010299956639812,-Inf
Connecticut,2020-03-11,3,0,-Inf,0.47712125471966244,-Inf
Connecticut,2020-03-12,5,0,-Inf,0.6989700043360189,-Inf
Connecticut,2020-03-13,11,0,-Inf,1.041392685158225,-Inf
Connecticut,2020-03-14,22,0,-Inf,1.3424226808222062,-Inf
Connecticut,2020-03-15,24,0,-Inf,1.380211241711606,-Inf
Connecticut,2020-03-16,30,0,-Inf,1.4771212547196624,-Inf
Connecticut,2020-03-17,68,0,-Inf,1.8325089127062364,-Inf
Connecticut,2020-03-18,68,0,-Inf,1.8325089127062364,-Inf
Connecticut,2020-03-19,159,2,-Inf,2.2013971243204513,0.3010299956639812
Connecticut,2020-03-20,194,3,-Inf,2.287801729930226,0.47712125471966244
Connecticut,2020-03-21,194,4,-Inf,2.287801729930226,0.6020599913279624
Connecticut,2020-03-22,327,8,-Inf,2.514547752660286,0.9030899869919435
Connecticut,2020-03-23,415,10,-Inf,2.6180480967120925,1
Connecticut,2020-03-24,618,12,-Inf,2.790988475088816,1.0791812460476249
Connecticut,2020-03-25,875,19,-Inf,2.942008053022313,1.2787536009528289
Connecticut,2020-03-26,1012,21,-Inf,3.0051805125037805,1.3222192947339193
Connecticut,2020-03-27,1291,27,-Inf,3.1109262422664203,1.4313637641589874
Connecticut,2020-03-28,1524,33,-Inf,3.1829849670035815,1.5185139398778875
Connecticut,2020-03-29,1993,34,-Inf,3.2995072987004876,1.5314789170422551
Connecticut,2020-03-30,2571,36,-Inf,3.4101020766428607,1.5563025007672873
Connecticut,2020-03-31,3128,69,-Inf,3.4952667443878105,1.8388490907372552
Connecticut,2020-04-01,3557,85,-Inf,3.55108386518578,1.9294189257142929
Connecticut,2020-04-02,3824,112,-Inf,3.5825178836040625,2.0492180226701815
Connecticut,2020-04-03,4914,131,-Inf,3.691435152144062,2.1172712956557644
Connecticut,2020-04-04,5276,165,-Inf,3.7223047868743278,2.2174839442139063
Connecticut,2020-04-05,5675,189,-Inf,3.7539658658651605,2.2764618041732443
Connecticut,2020-04-06,6906,206,-Inf,3.8392265740134355,2.3138672203691533
Connecticut,2020-04-07,7781,277,-Inf,3.8910354153153106,2.4424797690644486
Connecticut,2020-04-08,7781,326,-Inf,3.8910354153153106,2.513217600067939
Delaware,2020-03-10,0,0,-Inf,-Inf,-Inf
Delaware,2020-03-11,1,0,-Inf,0,-Inf
Delaware,2020-03-12,1,0,-Inf,0,-Inf
Delaware,2020-03-13,4,0,-Inf,0.6020599913279624,-Inf
Delaware,2020-03-14,6,0,-Inf,0.7781512503836436,-Inf
Delaware,2020-03-15,7,0,-Inf,0.8450980400142568,-Inf
Delaware,2020-03-16,8,0,-Inf,0.9030899869919435,-Inf
Delaware,2020-03-17,16,0,-Inf,1.2041199826559248,-Inf
Delaware,2020-03-18,19,0,-Inf,1.2787536009528289,-Inf
Delaware,2020-03-19,30,0,-Inf,1.4771212547196624,-Inf
Delaware,2020-03-20,38,0,-Inf,1.5797835966168101,-Inf
Delaware,2020-03-21,45,0,-Inf,1.6532125137753437,-Inf
Delaware,2020-03-22,56,0,-Inf,1.7481880270062005,-Inf
Delaware,2020-03-23,68,0,-Inf,1.8325089127062364,-Inf
Delaware,2020-03-24,104,0,-Inf,2.0170333392987803,-Inf
Delaware,2020-03-25,119,0,-Inf,2.075546961392531,-Inf
Delaware,2020-03-26,130,1,-Inf,2.113943352306837,0
Delaware,2020-03-27,163,2,-Inf,2.2121876044039577,0.3010299956639812
Delaware,2020-03-28,214,5,-Inf,2.330413773349191,0.6989700043360189
Delaware,2020-03-29,232,6,-Inf,2.3654879848909,0.7781512503836436
Delaware,2020-03-30,264,6,-Inf,2.4216039268698313,0.7781512503836436
Delaware,2020-03-31,319,10,-Inf,2.503790683057181,1
Delaware,2020-04-01,368,11,-Inf,2.5658478186735176,1.041392685158225
Delaware,2020-04-02,393,12,-Inf,2.5943925503754266,1.0791812460476249
Delaware,2020-04-03,450,14,-Inf,2.6532125137753435,1.146128035678238
Delaware,2020-04-04,593,14,-Inf,2.7730546933642626,1.146128035678238
Delaware,2020-04-05,673,14,-Inf,2.828015064223977,1.146128035678238
Delaware,2020-04-06,783,15,-Inf,2.8937617620579434,1.1760912590556813
Delaware,2020-04-07,928,16,-Inf,2.967547976218862,1.2041199826559248
Delaware,2020-04-08,1116,19,-Inf,3.04766419460156,1.2787536009528289
Florida,2020-03-10,15,2,-Inf,1.1760912590556813,0.3010299956639812
Florida,2020-03-11,28,2,-Inf,1.4471580313422192,0.3010299956639812
Florida,2020-03-12,35,2,-Inf,1.5440680443502757,0.3010299956639812
Florida,2020-03-13,50,2,-Inf,1.6989700043360187,0.3010299956639812
Florida,2020-03-14,76,3,-Inf,1.8808135922807914,0.47712125471966244
Florida,2020-03-15,115,4,-Inf,2.060697840353612,0.6020599913279624
Florida,2020-03-16,155,5,-Inf,2.1903316981702914,0.6989700043360189
Florida,2020-03-17,216,6,-Inf,2.3344537511509307,0.7781512503836436
Florida,2020-03-18,314,7,-Inf,2.496929648073215,0.8450980400142568
Florida,2020-03-19,417,9,-Inf,2.6201360549737576,0.9542425094393249
Florida,2020-03-20,563,10,-Inf,2.7505083948513462,1
Florida,2020-03-21,659,13,-Inf,2.8188854145940097,1.1139433523068367
Florida,2020-03-22,1004,13,-Inf,3.0017337128090005,1.1139433523068367
Florida,2020-03-23,1227,18,-Inf,3.0888445627270045,1.255272505103306
Florida,2020-03-24,1412,18,-Inf,3.149834696715785,1.255272505103306
Florida,2020-03-25,1682,23,-Inf,3.2258259914618934,1.3617278360175928
Florida,2020-03-26,2357,29,-Inf,3.3723595825243238,1.462397997898956
Florida,2020-03-27,2900,35,-Inf,3.462397997898956,1.5440680443502757
Florida,2020-03-28,3763,54,-Inf,3.575534218319864,1.7323937598229686
Florida,2020-03-29,4246,56,-Inf,3.62797998982998,1.7481880270062005
Florida,2020-03-30,5473,63,-Inf,3.7382254481425052,1.7993405494535817
Florida,2020-03-31,6741,85,-Inf,3.8287243271387914,1.9294189257142929
Florida,2020-04-01,6956,87,-Inf,3.842359573330675,1.9395192526186185
Florida,2020-04-02,9008,164,-Inf,3.954628377507271,2.214843848047698
Florida,2020-04-03,10268,170,-Inf,4.011485859999405,2.230448921378274
Florida,2020-04-04,11545,195,-Inf,4.062393937253195,2.290034611362518
Florida,2020-04-05,12350,221,-Inf,4.0916669575956846,2.3443922736851106
Florida,2020-04-06,13324,236,-Inf,4.124634624019139,2.3729120029701067
Florida,2020-04-07,14545,283,-Inf,4.162713725583078,2.45178643552429
Florida,2020-04-08,15456,309,-Inf,4.189097109071418,2.4899584794248346
Georgia,2020-03-10,17,0,-Inf,1.2304489213782739,-Inf
Georgia,2020-03-11,23,0,-Inf,1.3617278360175928,-Inf
Georgia,2020-03-12,31,1,-Inf,1.4913616938342726,0
Georgia,2020-03-13,42,1,-Inf,1.6232492903979006,0
Georgia,2020-03-14,66,1,-Inf,1.8195439355418688,0
Georgia,2020-03-15,99,1,-Inf,1.99563519459755,0
Georgia,2020-03-16,121,1,-Inf,2.08278537031645,0
Georgia,2020-03-17,146,1,-Inf,2.164352855784437,0
Georgia,2020-03-18,199,3,-Inf,2.298853076409707,0.47712125471966244
Georgia,2020-03-19,287,10,-Inf,2.4578818967339924,1
Georgia,2020-03-20,420,13,-Inf,2.6232492903979003,1.1139433523068367
Georgia,2020-03-21,507,14,-Inf,2.705007959333336,1.146128035678238
Georgia,2020-03-22,621,25,-Inf,2.79309160017658,1.3979400086720377
Georgia,2020-03-23,772,25,-Inf,2.887617300335736,1.3979400086720377
Georgia,2020-03-24,1026,32,-Inf,3.0111473607757975,1.505149978319906
Georgia,2020-03-25,1247,40,-Inf,3.0958664534785427,1.6020599913279625
Georgia,2020-03-26,1525,48,-Inf,3.1832698436828046,1.6812412373755872
Georgia,2020-03-27,2000,64,-Inf,3.3010299956639813,1.806179973983887
Georgia,2020-03-28,2366,69,-Inf,3.3740147402919116,1.8388490907372552
Georgia,2020-03-29,2651,80,-Inf,3.4234097277330933,1.9030899869919435
Georgia,2020-03-30,2808,87,-Inf,3.4483971034577676,1.9395192526186185
Georgia,2020-03-31,3929,111,-Inf,3.594282028811806,2.0453229787866576
Georgia,2020-04-01,4638,139,-Inf,3.6663307443019684,2.143014800254095
Georgia,2020-04-02,5348,163,-Inf,3.7281913985899466,2.2121876044039577
Georgia,2020-04-03,5831,184,-Inf,3.7657430414210444,2.2648178230095364
Georgia,2020-04-04,6160,201,-Inf,3.7895807121644256,2.303196057420489
Georgia,2020-04-05,6647,211,-Inf,3.822625678774141,2.3242824552976926
Georgia,2020-04-06,7314,229,-Inf,3.8641549560020256,2.359835482339888
Georgia,2020-04-07,8822,329,-Inf,3.9455670534423883,2.5171958979499744
Georgia,2020-04-08,9901,362,-Inf,3.9956790605116224,2.558708570533166
Hawaii,2020-03-10,2,0,-Inf,0.3010299956639812,-Inf
Hawaii,2020-03-11,2,0,-Inf,0.3010299956639812,-Inf
Hawaii,2020-03-12,2,0,-Inf,0.3010299956639812,-Inf
Hawaii,2020-03-13,2,0,-Inf,0.3010299956639812,-Inf
Hawaii,2020-03-14,4,0,-Inf,0.6020599913279624,-Inf
Hawaii,2020-03-15,6,0,-Inf,0.7781512503836436,-Inf
Hawaii,2020-03-16,7,0,-Inf,0.8450980400142568,-Inf
Hawaii,2020-03-17,10,0,-Inf,1,-Inf
Hawaii,2020-03-18,14,0,-Inf,1.146128035678238,-Inf
Hawaii,2020-03-19,16,0,-Inf,1.2041199826559248,-Inf
Hawaii,2020-03-20,26,0,-Inf,1.414973347970818,-Inf
Hawaii,2020-03-21,37,0,-Inf,1.568201724066995,-Inf
Hawaii,2020-03-22,53,0,-Inf,1.7242758696007892,-Inf
Hawaii,2020-03-23,56,0,-Inf,1.7481880270062005,-Inf
Hawaii,2020-03-24,90,1,-Inf,1.9542425094393248,0
Hawaii,2020-03-25,91,0,-Inf,1.9590413923210936,-Inf
Hawaii,2020-03-26,95,0,-Inf,1.9777236052888478,-Inf
Hawaii,2020-03-27,106,0,-Inf,2.0253058652647704,-Inf
Hawaii,2020-03-28,149,0,-Inf,2.173186268412274,-Inf
Hawaii,2020-03-29,149,0,-Inf,2.173186268412274,-Inf
Hawaii,2020-03-30,175,0,-Inf,2.2430380486862944,-Inf
Hawaii,2020-03-31,204,0,-Inf,2.3096301674258988,-Inf
Hawaii,2020-04-01,224,1,-Inf,2.3502480183341627,0
Hawaii,2020-04-02,256,1,-Inf,2.4082399653118496,0
Hawaii,2020-04-03,319,3,-Inf,2.503790683057181,0.47712125471966244
Hawaii,2020-04-04,351,3,-Inf,2.545307116465824,0.47712125471966244
Hawaii,2020-04-05,371,4,-Inf,2.569373909615046,0.6020599913279624
Hawaii,2020-04-06,387,5,-Inf,2.5877109650189114,0.6989700043360189
Hawaii,2020-04-07,410,5,-Inf,2.6127838567197355,0.6989700043360189
Hawaii,2020-04-08,410,5,-Inf,2.6127838567197355,0.6989700043360189
Idaho,2020-03-10,0,0,-Inf,-Inf,-Inf
Idaho,2020-03-11,0,0,-Inf,-Inf,-Inf
Idaho,2020-03-12,0,0,-Inf,-Inf,-Inf
Idaho,2020-03-13,1,0,-Inf,0,-Inf
Idaho,2020-03-14,2,0,-Inf,0.3010299956639812,-Inf
Idaho,2020-03-15,5,0,-Inf,0.6989700043360189,-Inf
Idaho,2020-03-16,5,0,-Inf,0.6989700043360189,-Inf
Idaho,2020-03-17,8,0,-Inf,0.9030899869919435,-Inf
Idaho,2020-03-18,9,0,-Inf,0.9542425094393249,-Inf
Idaho,2020-03-19,11,0,-Inf,1.041392685158225,-Inf
Idaho,2020-03-20,23,0,-Inf,1.3617278360175928,-Inf
Idaho,2020-03-21,36,0,-Inf,1.5563025007672873,-Inf
Idaho,2020-03-22,42,0,-Inf,1.6232492903979006,-Inf
Idaho,2020-03-23,68,0,-Inf,1.8325089127062364,-Inf
Idaho,2020-03-24,81,0,-Inf,1.9084850188786497,-Inf
Idaho,2020-03-25,91,0,-Inf,1.9590413923210936,-Inf
Idaho,2020-03-26,146,3,-Inf,2.164352855784437,0.47712125471966244
Idaho,2020-03-27,205,3,-Inf,2.311753861055754,0.47712125471966244
Idaho,2020-03-28,234,4,-Inf,2.369215857410143,0.6020599913279624
Idaho,2020-03-29,281,5,-Inf,2.44870631990508,0.6989700043360189
Idaho,2020-03-30,340,6,-Inf,2.531478917042255,0.7781512503836436
Idaho,2020-03-31,515,8,-Inf,2.711807229041191,0.9030899869919435
Idaho,2020-04-01,566,9,-Inf,2.7528164311882715,0.9542425094393249
Idaho,2020-04-02,776,9,-Inf,2.8898617212581885,0.9542425094393249
Idaho,2020-04-03,891,9,-Inf,2.949877704036875,0.9542425094393249
Idaho,2020-04-04,1022,10,-Inf,3.009450895798694,1
Idaho,2020-04-05,1078,10,-Inf,3.03261876085072,1
Idaho,2020-04-06,1101,10,-Inf,3.041787318971752,1
Idaho,2020-04-07,1170,13,-Inf,3.0681858617461617,1.1139433523068367
Idaho,2020-04-08,1210,15,-Inf,3.0827853703164503,1.1760912590556813
Illinois,2020-03-10,12,0,0.3010299956639812,1.0791812460476249,-Inf
Illinois,2020-03-11,25,0,0.3010299956639812,1.3979400086720377,-Inf
Illinois,2020-03-12,32,0,0.3010299956639812,1.505149978319906,-Inf
Illinois,2020-03-13,46,0,0.3010299956639812,1.662757831681574,-Inf
Illinois,2020-03-14,64,0,0.3010299956639812,1.806179973983887,-Inf
Illinois,2020-03-15,93,0,0.3010299956639812,1.968482948553935,-Inf
Illinois,2020-03-16,105,0,0.3010299956639812,2.0211892990699383,-Inf
Illinois,2020-03-17,161,1,0.3010299956639812,2.2068258760318495,0
Illinois,2020-03-18,162,1,-Inf,2.2095150145426308,0
Illinois,2020-03-19,422,4,-Inf,2.625312450961674,0.6020599913279624
Illinois,2020-03-20,585,5,-Inf,2.7671558660821804,0.6989700043360189
Illinois,2020-03-21,753,6,-Inf,2.8767949762007006,0.7781512503836436
Illinois,2020-03-22,1049,9,-Inf,3.020775488193558,0.9542425094393249
Illinois,2020-03-23,1285,12,-Inf,3.1089031276673134,1.0791812460476249
Illinois,2020-03-24,1537,16,-Inf,3.1866738674997452,1.2041199826559248
Illinois,2020-03-25,1865,19,-Inf,3.2706788361447066,1.2787536009528289
Illinois,2020-03-26,2538,26,-Inf,3.404491617758686,1.414973347970818
Illinois,2020-03-27,3024,34,-Inf,3.480581786829169,1.5314789170422551
Illinois,2020-03-28,3491,47,-Inf,3.5429498488141786,1.6720978579357175
Illinois,2020-03-29,4596,66,-Inf,3.6623800200162475,1.8195439355418688
Illinois,2020-03-30,5056,73,-Inf,3.7038070652743285,1.863322860120456
Illinois,2020-03-31,5994,99,-Inf,3.7777167386096258,1.99563519459755
Illinois,2020-04-01,6980,141,-Inf,3.843855422623161,2.1492191126553797
Illinois,2020-04-02,7695,163,-Inf,3.8862086241674976,2.2121876044039577
Illinois,2020-04-03,8904,210,-Inf,3.949585151326652,2.322219294733919
Illinois,2020-04-04,10357,244,-Inf,4.015233976246709,2.3873898263387296
Illinois,2020-04-05,11259,274,-Inf,4.0514998191327445,2.437750562820388
Illinois,2020-04-06,12262,307,-Inf,4.088561311791215,2.4871383754771865
Illinois,2020-04-07,12271,308,-Inf,4.088879956108052,2.4885507165004443
Illinois,2020-04-08,15078,462,-Inf,4.17834373897622,2.6646419755561257
Indiana,2020-03-10,6,0,-Inf,0.7781512503836436,-Inf
Indiana,2020-03-11,11,0,-Inf,1.041392685158225,-Inf
Indiana,2020-03-12,13,0,-Inf,1.1139433523068367,-Inf
Indiana,2020-03-13,13,0,-Inf,1.1139433523068367,-Inf
Indiana,2020-03-14,16,0,-Inf,1.2041199826559248,-Inf
Indiana,2020-03-15,20,0,-Inf,1.3010299956639813,-Inf
Indiana,2020-03-16,25,1,-Inf,1.3979400086720377,0
Indiana,2020-03-17,30,2,-Inf,1.4771212547196624,0.3010299956639812
Indiana,2020-03-18,39,2,-Inf,1.591064607026499,0.3010299956639812
Indiana,2020-03-19,60,2,-Inf,1.7781512503836436,0.3010299956639812
Indiana,2020-03-20,86,2,-Inf,1.9344984512435677,0.3010299956639812
Indiana,2020-03-21,128,4,-Inf,2.1072099696478683,0.6020599913279624
Indiana,2020-03-22,204,6,-Inf,2.3096301674258988,0.7781512503836436
Indiana,2020-03-23,270,7,-Inf,2.4313637641589874,0.8450980400142568
Indiana,2020-03-24,368,12,-Inf,2.5658478186735176,1.0791812460476249
Indiana,2020-03-25,477,14,-Inf,2.678518379040114,1.146128035678238
Indiana,2020-03-26,645,17,-Inf,2.8095597146352675,1.2304489213782739
Indiana,2020-03-27,979,25,-Inf,2.9907826918031377,1.3979400086720377
Indiana,2020-03-28,1233,31,-Inf,3.0909630765957314,1.4913616938342726
Indiana,2020-03-29,1513,32,-Inf,3.179838928023187,1.505149978319906
Indiana,2020-03-30,1786,35,-Inf,3.2518814545525276,1.5440680443502757
Indiana,2020-03-31,2158,49,-Inf,3.334051440346892,1.6901960800285136
Indiana,2020-04-01,2564,65,-Inf,3.4089180208467798,1.8129133566428555
Indiana,2020-04-02,3038,78,-Inf,3.4825877695267677,1.8920946026904804
Indiana,2020-04-03,3437,102,-Inf,3.536179532137225,2.0086001717619175
Indiana,2020-04-04,3953,116,-Inf,3.5969268143429707,2.0644579892269186
Indiana,2020-04-05,4411,127,-Inf,3.6445370577784075,2.103803720955957
Indiana,2020-04-06,4956,143,-Inf,3.695131297704026,2.155336037465062
Indiana,2020-04-07,5510,173,-Inf,3.741151598851785,2.2380461031287955
Indiana,2020-04-08,5943,203,-Inf,3.7740057302582093,2.307496037913213
Iowa,2020-03-10,8,0,-Inf,0.9030899869919435,-Inf
Iowa,2020-03-11,13,0,-Inf,1.1139433523068367,-Inf
Iowa,2020-03-12,16,0,-Inf,1.2041199826559248,-Inf
Iowa,2020-03-13,17,0,-Inf,1.2304489213782739,-Inf
Iowa,2020-03-14,17,0,-Inf,1.2304489213782739,-Inf
Iowa,2020-03-15,18,0,-Inf,1.255272505103306,-Inf
Iowa,2020-03-16,23,0,-Inf,1.3617278360175928,-Inf
Iowa,2020-03-17,23,0,-Inf,1.3617278360175928,-Inf
Iowa,2020-03-18,29,0,-Inf,1.462397997898956,-Inf
Iowa,2020-03-19,44,0,-Inf,1.6434526764861874,-Inf
Iowa,2020-03-20,45,0,-Inf,1.6532125137753437,-Inf
Iowa,2020-03-21,68,0,-Inf,1.8325089127062364,-Inf
Iowa,2020-03-22,90,0,-Inf,1.9542425094393248,-Inf
Iowa,2020-03-23,105,0,-Inf,2.0211892990699383,-Inf
Iowa,2020-03-24,124,0,-Inf,2.093421685162235,-Inf
Iowa,2020-03-25,146,1,-Inf,2.164352855784437,0
Iowa,2020-03-26,179,1,-Inf,2.2528530309798933,0
Iowa,2020-03-27,235,3,-Inf,2.3710678622717363,0.47712125471966244
Iowa,2020-03-28,298,3,-Inf,2.4742162640762553,0.47712125471966244
Iowa,2020-03-29,336,4,-Inf,2.526339277389844,0.6020599913279624
Iowa,2020-03-30,424,6,-Inf,2.6273658565927325,0.7781512503836436
Iowa,2020-03-31,497,7,-Inf,2.6963563887333324,0.8450980400142568
Iowa,2020-04-01,547,9,-Inf,2.737987326333431,0.9542425094393249
Iowa,2020-04-02,614,11,-Inf,2.788168371141168,1.041392685158225
Iowa,2020-04-03,699,11,-Inf,2.8444771757456815,1.041392685158225
Iowa,2020-04-04,787,14,-Inf,2.8959747323590648,1.146128035678238
Iowa,2020-04-05,869,18,-Inf,2.9390197764486663,1.255272505103306
Iowa,2020-04-06,946,25,-Inf,2.975891136401793,1.3979400086720377
Iowa,2020-04-07,1046,25,-Inf,3.0195316845312554,1.3979400086720377
Iowa,2020-04-08,1145,27,-Inf,3.0588054866759067,1.4313637641589874
Kansas,2020-03-10,1,0,-Inf,0,-Inf
Kansas,2020-03-11,1,0,-Inf,0,-Inf
Kansas,2020-03-12,1,0,-Inf,0,-Inf
Kansas,2020-03-13,5,1,-Inf,0.6989700043360189,0
Kansas,2020-03-14,8,1,-Inf,0.9030899869919435,0
Kansas,2020-03-15,8,1,-Inf,0.9030899869919435,0
Kansas,2020-03-16,11,1,-Inf,1.041392685158225,0
Kansas,2020-03-17,18,1,-Inf,1.255272505103306,0
Kansas,2020-03-18,18,1,-Inf,1.255272505103306,0
Kansas,2020-03-19,34,1,-Inf,1.5314789170422551,0
Kansas,2020-03-20,44,1,-Inf,1.6434526764861874,0
Kansas,2020-03-21,57,2,-Inf,1.7558748556724915,0.3010299956639812
Kansas,2020-03-22,65,2,-Inf,1.8129133566428555,0.3010299956639812
Kansas,2020-03-23,84,2,-Inf,1.9242792860618816,0.3010299956639812
Kansas,2020-03-24,100,2,-Inf,2,0.3010299956639812
Kansas,2020-03-25,134,3,-Inf,2.1271047983648077,0.47712125471966244
Kansas,2020-03-26,172,3,-Inf,2.2355284469075487,0.47712125471966244
Kansas,2020-03-27,206,4,-Inf,2.3138672203691533,0.6020599913279624
Kansas,2020-03-28,266,4,-Inf,2.424881636631067,0.6020599913279624
Kansas,2020-03-29,330,7,-Inf,2.5185139398778875,0.8450980400142568
Kansas,2020-03-30,372,8,-Inf,2.5705429398818973,0.9030899869919435
Kansas,2020-03-31,434,9,-Inf,2.637489729512511,0.9542425094393249
Kansas,2020-04-01,485,10,-Inf,2.6857417386022635,1
Kansas,2020-04-02,553,12,-Inf,2.7427251313046983,1.0791812460476249
Kansas,2020-04-03,629,18,-Inf,2.798650645445269,1.255272505103306
Kansas,2020-04-04,698,21,-Inf,2.843855422623161,1.3222192947339193
Kansas,2020-04-05,751,22,-Inf,2.8756399370041685,1.3424226808222062
Kansas,2020-04-06,849,25,-Inf,2.928907690243953,1.3979400086720377
Kansas,2020-04-07,912,29,-Inf,2.959994838328416,1.462397997898956
Kansas,2020-04-08,1046,34,-Inf,3.0195316845312554,1.5314789170422551
Kentucky,2020-03-10,6,0,-Inf,0.7781512503836436,-Inf
Kentucky,2020-03-11,8,0,-Inf,0.9030899869919435,-Inf
Kentucky,2020-03-12,10,0,-Inf,1,-Inf
Kentucky,2020-03-13,14,0,-Inf,1.146128035678238,-Inf
Kentucky,2020-03-14,14,0,-Inf,1.146128035678238,-Inf
Kentucky,2020-03-15,20,0,-Inf,1.3010299956639813,-Inf
Kentucky,2020-03-16,21,1,0,1.3222192947339193,0
Kentucky,2020-03-17,26,1,0,1.414973347970818,0
Kentucky,2020-03-18,27,1,-Inf,1.4313637641589874,0
Kentucky,2020-03-19,37,2,-Inf,1.568201724066995,0.3010299956639812
Kentucky,2020-03-20,47,2,-Inf,1.6720978579357175,0.3010299956639812
Kentucky,2020-03-21,87,3,-Inf,1.9395192526186185,0.47712125471966244
Kentucky,2020-03-22,103,3,-Inf,2.012837224705172,0.47712125471966244
Kentucky,2020-03-23,123,4,-Inf,2.089905111439398,0.6020599913279624
Kentucky,2020-03-24,162,4,-Inf,2.2095150145426308,0.6020599913279624
Kentucky,2020-03-25,197,5,-Inf,2.294466226161593,0.6989700043360189
Kentucky,2020-03-26,247,5,-Inf,2.392696953259666,0.6989700043360189
Kentucky,2020-03-27,301,7,-Inf,2.478566495593843,0.8450980400142568
Kentucky,2020-03-28,393,9,-Inf,2.5943925503754266,0.9542425094393249
Kentucky,2020-03-29,438,9,-Inf,2.6414741105040993,0.9542425094393249
Kentucky,2020-03-30,479,11,-Inf,2.680335513414563,1.041392685158225
Kentucky,2020-03-31,628,11,-Inf,2.797959643737196,1.041392685158225
Kentucky,2020-04-01,632,18,-Inf,2.800717078282385,1.255272505103306
Kentucky,2020-04-02,770,31,-Inf,2.886490725172482,1.4913616938342726
Kentucky,2020-04-03,770,34,-Inf,2.886490725172482,1.5314789170422551
Kentucky,2020-04-04,917,40,-Inf,2.962369335670021,1.6020599913279625
Kentucky,2020-04-05,955,45,-Inf,2.9800033715837464,1.6532125137753437
Kentucky,2020-04-06,955,45,-Inf,2.9800033715837464,1.6532125137753437
Kentucky,2020-04-07,1149,65,-Inf,3.060320028688285,1.8129133566428555
Kentucky,2020-04-08,1149,65,-Inf,3.060320028688285,1.8129133566428555
Louisiana,2020-03-10,1,0,-Inf,0,-Inf
Louisiana,2020-03-11,6,0,-Inf,0.7781512503836436,-Inf
Louisiana,2020-03-12,19,0,-Inf,1.2787536009528289,-Inf
Louisiana,2020-03-13,36,0,-Inf,1.5563025007672873,-Inf
Louisiana,2020-03-14,77,1,-Inf,1.8864907251724818,0
Louisiana,2020-03-15,91,2,-Inf,1.9590413923210936,0.3010299956639812
Louisiana,2020-03-16,136,3,-Inf,2.1335389083702174,0.47712125471966244
Louisiana,2020-03-17,196,4,-Inf,2.292256071356476,0.6020599913279624
Louisiana,2020-03-18,257,4,-Inf,2.4099331233312946,0.6020599913279624
Louisiana,2020-03-19,392,10,-Inf,2.593286067020457,1
Louisiana,2020-03-20,538,14,-Inf,2.7307822756663893,1.146128035678238
Louisiana,2020-03-21,585,16,-Inf,2.7671558660821804,1.2041199826559248
Louisiana,2020-03-22,837,20,-Inf,2.92272545799326,1.3010299956639813
Louisiana,2020-03-23,1172,35,-Inf,3.0689276116820716,1.5440680443502757
Louisiana,2020-03-24,1388,46,-Inf,3.142389466118836,1.662757831681574
Louisiana,2020-03-25,1795,65,-Inf,3.254064452914338,1.8129133566428555
Louisiana,2020-03-26,2304,83,-Inf,3.3624824747511743,1.919078092376074
Louisiana,2020-03-27,2744,119,-Inf,3.438384107034714,2.075546961392531
Louisiana,2020-03-28,3315,137,-Inf,3.520483532740792,2.1367205671564067
Louisiana,2020-03-29,3540,151,-Inf,3.5490032620257876,2.1789769472931693
Louisiana,2020-03-30,4025,185,-Inf,3.6047658847038875,2.2671717284030137
Louisiana,2020-03-31,5237,239,-Inf,3.719082573901486,2.3783979009481375
Louisiana,2020-04-01,6424,273,-Inf,3.8078055322706246,2.436162647040756
Louisiana,2020-04-02,9159,310,-Inf,3.9618480590183243,2.4913616938342726
Louisiana,2020-04-03,10297,370,-Inf,4.012710712741787,2.568201724066995
Louisiana,2020-04-04,12496,409,-Inf,4.096771016533225,2.611723308007342
Louisiana,2020-04-05,13010,477,-Inf,4.114277296561586,2.678518379040114
Louisiana,2020-04-06,14867,512,-Inf,4.172223341427753,2.709269960975831
Louisiana,2020-04-07,16284,582,-Inf,4.211761093707362,2.7649229846498886
Louisiana,2020-04-08,17030,652,-Inf,4.231214647962601,2.81424759573192
Maine,2020-03-10,0,0,-Inf,-Inf,-Inf
Maine,2020-03-11,0,0,-Inf,-Inf,-Inf
Maine,2020-03-12,0,0,-Inf,-Inf,-Inf
Maine,2020-03-13,1,0,-Inf,0,-Inf
Maine,2020-03-14,3,0,-Inf,0.47712125471966244,-Inf
Maine,2020-03-15,12,0,-Inf,1.0791812460476249,-Inf
Maine,2020-03-16,17,0,-Inf,1.2304489213782739,-Inf
Maine,2020-03-17,32,0,-Inf,1.505149978319906,-Inf
Maine,2020-03-18,42,0,-Inf,1.6232492903979006,-Inf
Maine,2020-03-19,52,0,-Inf,1.7160033436347992,-Inf
Maine,2020-03-20,56,0,-Inf,1.7481880270062005,-Inf
Maine,2020-03-21,70,0,-Inf,1.845098040014257,-Inf
Maine,2020-03-22,89,0,-Inf,1.9493900066449128,-Inf
Maine,2020-03-23,107,0,-Inf,2.0293837776852097,-Inf
Maine,2020-03-24,118,0,-Inf,2.0718820073061255,-Inf
Maine,2020-03-25,142,0,-Inf,2.1522883443830563,-Inf
Maine,2020-03-26,155,0,-Inf,2.1903316981702914,-Inf
Maine,2020-03-27,168,1,-Inf,2.225309281725863,0
Maine,2020-03-28,211,1,-Inf,2.3242824552976926,0
Maine,2020-03-29,253,3,-Inf,2.403120521175818,0.47712125471966244
Maine,2020-03-30,275,3,-Inf,2.439332693830263,0.47712125471966244
Maine,2020-03-31,303,5,-Inf,2.481442628502305,0.6989700043360189
Maine,2020-04-01,303,5,-Inf,2.481442628502305,0.6989700043360189
Maine,2020-04-02,376,7,-Inf,2.575187844927661,0.8450980400142568
Maine,2020-04-03,432,9,-Inf,2.635483746814912,0.9542425094393249
Maine,2020-04-04,456,10,-Inf,2.6589648426644352,1
Maine,2020-04-05,470,10,-Inf,2.6720978579357175,1
Maine,2020-04-06,499,10,-Inf,2.6981005456233897,1
Maine,2020-04-07,519,12,-Inf,2.7151673578484576,1.0791812460476249
Maine,2020-04-08,537,14,-Inf,2.7299742856995555,1.146128035678238
Maryland,2020-03-10,8,0,-Inf,0.9030899869919435,-Inf
Maryland,2020-03-11,9,0,-Inf,0.9542425094393249,-Inf
Maryland,2020-03-12,12,0,-Inf,1.0791812460476249,-Inf
Maryland,2020-03-13,18,0,-Inf,1.255272505103306,-Inf
Maryland,2020-03-14,26,0,-Inf,1.414973347970818,-Inf
Maryland,2020-03-15,32,0,-Inf,1.505149978319906,-Inf
Maryland,2020-03-16,41,0,0.47712125471966244,1.6127838567197355,-Inf
Maryland,2020-03-17,60,0,0.47712125471966244,1.7781512503836436,-Inf
Maryland,2020-03-18,85,0,-Inf,1.9294189257142929,-Inf
Maryland,2020-03-19,107,1,-Inf,2.0293837776852097,0
Maryland,2020-03-20,149,1,-Inf,2.173186268412274,0
Maryland,2020-03-21,193,2,-Inf,2.285557309007774,0.3010299956639812
Maryland,2020-03-22,244,3,-Inf,2.3873898263387296,0.47712125471966244
Maryland,2020-03-23,290,3,-Inf,2.462397997898956,0.47712125471966244
Maryland,2020-03-24,349,4,-Inf,2.5428254269591797,0.6020599913279624
Maryland,2020-03-25,425,4,-Inf,2.6283889300503116,0.6020599913279624
Maryland,2020-03-26,583,4,-Inf,2.765668554759014,0.6020599913279624
Maryland,2020-03-27,775,5,-Inf,2.88930170250631,0.6989700043360189
Maryland,2020-03-28,995,5,-Inf,2.9978230807457256,0.6989700043360189
Maryland,2020-03-29,1239,10,-Inf,3.0930713063760633,1
Maryland,2020-03-30,1413,15,-Inf,3.1501421618485588,1.1760912590556813
Maryland,2020-03-31,1660,18,-Inf,3.220108088040055,1.255272505103306
Maryland,2020-04-01,1986,31,-Inf,3.2979792441593623,1.4913616938342726
Maryland,2020-04-02,2331,36,-Inf,3.3675422735205767,1.5563025007672873
Maryland,2020-04-03,2758,43,-Inf,3.440594261839831,1.6334684555795866
Maryland,2020-04-04,3125,54,-Inf,3.494850021680094,1.7323937598229686
Maryland,2020-04-05,3617,67,-Inf,3.5583485087616196,1.8260748027008264
Maryland,2020-04-06,4045,91,-Inf,3.606918525948291,1.9590413923210936
Maryland,2020-04-07,4371,103,-Inf,3.6405808064896528,2.012837224705172
Maryland,2020-04-08,5529,124,-Inf,3.7426465899387362,2.093421685162235
Massachusetts,2020-03-10,92,0,0,1.9637878273455553,-Inf
Massachusetts,2020-03-11,95,0,0,1.9777236052888478,-Inf
Massachusetts,2020-03-12,108,0,0,2.03342375548695,-Inf
Massachusetts,2020-03-13,123,0,0,2.089905111439398,-Inf
Massachusetts,2020-03-14,138,0,0,2.1398790864012365,-Inf
Massachusetts,2020-03-15,164,0,0,2.214843848047698,-Inf
Massachusetts,2020-03-16,197,0,0,2.294466226161593,-Inf
Massachusetts,2020-03-17,218,0,0,2.3384564936046046,-Inf
Massachusetts,2020-03-18,218,0,-Inf,2.3384564936046046,-Inf
Massachusetts,2020-03-19,328,0,-Inf,2.515873843711679,-Inf
Massachusetts,2020-03-20,413,1,-Inf,2.615950051656401,0
Massachusetts,2020-03-21,525,1,-Inf,2.720159303405957,0
Massachusetts,2020-03-22,646,5,-Inf,2.8102325179950842,0.6989700043360189
Massachusetts,2020-03-23,777,9,-Inf,2.890421018800914,0.9542425094393249
Massachusetts,2020-03-24,1159,11,-Inf,3.064083435963596,1.041392685158225
Massachusetts,2020-03-25,1838,15,-Inf,3.2643455070500926,1.1760912590556813
Massachusetts,2020-03-26,2417,25,-Inf,3.3832766504076504,1.3979400086720377
Massachusetts,2020-03-27,3240,35,-Inf,3.510545010206612,1.5440680443502757
Massachusetts,2020-03-28,4257,44,-Inf,3.6291036501771363,1.6434526764861874
Massachusetts,2020-03-29,4955,48,-Inf,3.695043658821294,1.6812412373755872
Massachusetts,2020-03-30,5752,56,-Inf,3.7598188773748262,1.7481880270062005
Massachusetts,2020-03-31,6620,89,-Inf,3.8208579894397,1.9493900066449128
Massachusetts,2020-04-01,7738,122,-Inf,3.8886287253852263,2.0863598306747484
Massachusetts,2020-04-02,8966,154,-Inf,3.952598734529773,2.187520720836463
Massachusetts,2020-04-03,10402,192,-Inf,4.017116849438813,2.2833012287035497
Massachusetts,2020-04-04,11736,216,-Inf,4.069520100835226,2.3344537511509307
Massachusetts,2020-04-05,12500,231,-Inf,4.096910013008056,2.3636119798921444
Massachusetts,2020-04-06,13837,260,-Inf,4.14104194093905,2.4149733479708178
Massachusetts,2020-04-07,15202,356,-Inf,4.181900728196404,2.5514499979728753
Massachusetts,2020-04-08,16790,433,-Inf,4.225050696138049,2.6364878963533656
Michigan,2020-03-10,0,0,-Inf,-Inf,-Inf
Michigan,2020-03-11,2,0,-Inf,0.3010299956639812,-Inf
Michigan,2020-03-12,2,0,-Inf,0.3010299956639812,-Inf
Michigan,2020-03-13,16,0,-Inf,1.2041199826559248,-Inf
Michigan,2020-03-14,25,0,-Inf,1.3979400086720377,-Inf
Michigan,2020-03-15,33,0,-Inf,1.5185139398778875,-Inf
Michigan,2020-03-16,53,0,-Inf,1.7242758696007892,-Inf
Michigan,2020-03-17,65,0,-Inf,1.8129133566428555,-Inf
Michigan,2020-03-18,83,0,-Inf,1.919078092376074,-Inf
Michigan,2020-03-19,334,3,-Inf,2.5237464668115646,0.47712125471966244
Michigan,2020-03-20,552,3,-Inf,2.741939077729199,0.47712125471966244
Michigan,2020-03-21,788,5,-Inf,2.8965262174895554,0.6989700043360189
Michigan,2020-03-22,1035,9,-Inf,3.0149403497929366,0.9542425094393249
Michigan,2020-03-23,1329,15,-Inf,3.123524980942732,1.1760912590556813
Michigan,2020-03-24,1793,24,-Inf,3.253580289562183,1.380211241711606
Michigan,2020-03-25,2296,43,-Inf,3.3609718837259357,1.6334684555795866
Michigan,2020-03-26,2845,61,-Inf,3.45408227073109,1.7853298350107671
Michigan,2020-03-27,3634,92,-Inf,3.5603849229720157,1.9637878273455553
Michigan,2020-03-28,4650,111,-Inf,3.667452952889954,2.0453229787866576
Michigan,2020-03-29,5488,132,-Inf,3.7394141026986953,2.12057393120585
Michigan,2020-03-30,6498,184,-Inf,3.812779707008964,2.2648178230095364
Michigan,2020-03-31,7615,259,-Inf,3.8816699076720615,2.413299764081252
Michigan,2020-04-01,9315,335,-Inf,3.9691828592322613,2.525044807036845
Michigan,2020-04-02,10791,417,-Inf,4.0330616925381735,2.6201360549737576
Michigan,2020-04-03,12744,479,-Inf,4.105305762793075,2.680335513414563
Michigan,2020-04-04,14225,540,-Inf,4.153052275067108,2.7323937598229686
Michigan,2020-04-05,15718,617,-Inf,4.196397284437343,2.7902851640332416
Michigan,2020-04-06,17221,727,-Inf,4.236058366738554,2.8615344108590377
Michigan,2020-04-07,18970,845,-Inf,4.278067330888662,2.926856708949692
Michigan,2020-04-08,20346,959,-Inf,4.30847904016173,2.9818186071706636
Minnesota,2020-03-10,3,0,-Inf,0.47712125471966244,-Inf
Minnesota,2020-03-11,5,0,-Inf,0.6989700043360189,-Inf
Minnesota,2020-03-12,9,0,-Inf,0.9542425094393249,-Inf
Minnesota,2020-03-13,14,0,-Inf,1.146128035678238,-Inf
Minnesota,2020-03-14,21,0,-Inf,1.3222192947339193,-Inf
Minnesota,2020-03-15,35,0,-Inf,1.5440680443502757,-Inf
Minnesota,2020-03-16,54,0,-Inf,1.7323937598229686,-Inf
Minnesota,2020-03-17,60,0,-Inf,1.7781512503836436,-Inf
Minnesota,2020-03-18,77,0,-Inf,1.8864907251724818,-Inf
Minnesota,2020-03-19,89,0,-Inf,1.9493900066449128,-Inf
Minnesota,2020-03-20,115,0,-Inf,2.060697840353612,-Inf
Minnesota,2020-03-21,138,1,-Inf,2.1398790864012365,0
Minnesota,2020-03-22,167,1,-Inf,2.2227164711475833,0
Minnesota,2020-03-23,234,1,-Inf,2.369215857410143,0
Minnesota,2020-03-24,261,1,-Inf,2.416640507338281,0
Minnesota,2020-03-25,286,1,-Inf,2.456366033129043,0
Minnesota,2020-03-26,344,2,-Inf,2.53655844257153,0.3010299956639812
Minnesota,2020-03-27,396,4,-Inf,2.597695185925512,0.6020599913279624
Minnesota,2020-03-28,441,5,-Inf,2.6444385894678386,0.6989700043360189
Minnesota,2020-03-29,503,9,-Inf,2.7015679850559273,0.9542425094393249
Minnesota,2020-03-30,576,10,-Inf,2.760422483423212,1
Minnesota,2020-03-31,629,12,-Inf,2.798650645445269,1.0791812460476249
Minnesota,2020-04-01,689,17,-Inf,2.8382192219076257,1.2304489213782739
Minnesota,2020-04-02,742,18,-Inf,2.870403905279027,1.255272505103306
Minnesota,2020-04-03,788,22,-Inf,2.8965262174895554,1.3424226808222062
Minnesota,2020-04-04,865,24,-Inf,2.9370161074648142,1.380211241711606
Minnesota,2020-04-05,935,29,-Inf,2.9708116108725178,1.462397997898956
Minnesota,2020-04-06,986,30,-Inf,2.9938769149412114,1.4771212547196624
Minnesota,2020-04-07,1069,34,-Inf,3.028977705208778,1.5314789170422551
Minnesota,2020-04-08,1154,39,-Inf,3.0622058088197126,1.591064607026499
Mississippi,2020-03-10,0,0,-Inf,-Inf,-Inf
Mississippi,2020-03-11,0,0,-Inf,-Inf,-Inf
Mississippi,2020-03-12,1,0,-Inf,0,-Inf
Mississippi,2020-03-13,1,0,-Inf,0,-Inf
Mississippi,2020-03-14,6,0,-Inf,0.7781512503836436,-Inf
Mississippi,2020-03-15,10,0,-Inf,1,-Inf
Mississippi,2020-03-16,13,0,-Inf,1.1139433523068367,-Inf
Mississippi,2020-03-17,21,0,-Inf,1.3222192947339193,-Inf
Mississippi,2020-03-18,34,0,-Inf,1.5314789170422551,-Inf
Mississippi,2020-03-19,50,1,-Inf,1.6989700043360187,0
Mississippi,2020-03-20,80,1,-Inf,1.9030899869919435,0
Mississippi,2020-03-21,140,1,-Inf,2.146128035678238,0
Mississippi,2020-03-22,207,1,-Inf,2.315970345456918,0
Mississippi,2020-03-23,249,1,-Inf,2.3961993470957363,0
Mississippi,2020-03-24,320,1,-Inf,2.505149978319906,0
Mississippi,2020-03-25,377,3,-Inf,2.576341350205793,0.47712125471966244
Mississippi,2020-03-26,485,6,-Inf,2.6857417386022635,0.7781512503836436
Mississippi,2020-03-27,579,8,-Inf,2.762678563727436,0.9030899869919435
Mississippi,2020-03-28,663,13,-Inf,2.821513528404773,1.1139433523068367
Mississippi,2020-03-29,759,14,-Inf,2.88024177589548,1.146128035678238
Mississippi,2020-03-30,847,16,-Inf,2.9278834103307068,1.2041199826559248
Mississippi,2020-03-31,937,20,-Inf,2.971739590887778,1.3010299956639813
Mississippi,2020-04-01,1073,22,-Inf,3.030599721965951,1.3424226808222062
Mississippi,2020-04-02,1177,26,-Inf,3.0707764628434346,1.414973347970818
Mississippi,2020-04-03,1358,29,-Inf,3.132899769944483,1.462397997898956
Mississippi,2020-04-04,1455,35,-Inf,3.162862993321926,1.5440680443502757
Mississippi,2020-04-05,1638,43,-Inf,3.2143138974243994,1.6334684555795866
Mississippi,2020-04-06,1738,51,-Inf,3.2400497721126476,1.7075701760979363
Mississippi,2020-04-07,1915,60,-Inf,3.2821687783046416,1.7781512503836436
Mississippi,2020-04-08,2003,67,-Inf,3.3016809492935764,1.8260748027008264
Missouri,2020-03-10,1,0,-Inf,0,-Inf
Missouri,2020-03-11,1,0,-Inf,0,-Inf
Missouri,2020-03-12,1,0,-Inf,0,-Inf
Missouri,2020-03-13,2,0,-Inf,0.3010299956639812,-Inf
Missouri,2020-03-14,4,0,-Inf,0.6020599913279624,-Inf
Missouri,2020-03-15,5,0,-Inf,0.6989700043360189,-Inf
Missouri,2020-03-16,6,0,-Inf,0.7781512503836436,-Inf
Missouri,2020-03-17,11,0,-Inf,1.041392685158225,-Inf
Missouri,2020-03-18,18,0,-Inf,1.255272505103306,-Inf
Missouri,2020-03-19,31,1,-Inf,1.4913616938342726,0
Missouri,2020-03-20,53,2,-Inf,1.7242758696007892,0.3010299956639812
Missouri,2020-03-21,74,3,-Inf,1.8692317197309762,0.47712125471966244
Missouri,2020-03-22,87,3,-Inf,1.9395192526186185,0.47712125471966244
Missouri,2020-03-23,187,4,-Inf,2.271841606536499,0.6020599913279624
Missouri,2020-03-24,257,7,-Inf,2.4099331233312946,0.8450980400142568
Missouri,2020-03-25,354,8,-Inf,2.5490032620257876,0.9030899869919435
Missouri,2020-03-26,520,9,-Inf,2.716003343634799,0.9542425094393249
Missouri,2020-03-27,666,9,-Inf,2.823474229170301,0.9542425094393249
Missouri,2020-03-28,836,10,-Inf,2.9222062774390163,1
Missouri,2020-03-29,915,13,-Inf,2.9614210940664485,1.1139433523068367
Missouri,2020-03-30,1051,13,-Inf,3.021602716028242,1.1139433523068367
Missouri,2020-03-31,1357,15,-Inf,3.132579847659737,1.1760912590556813
Missouri,2020-04-01,1613,18,-Inf,3.2076343673889616,1.255272505103306
Missouri,2020-04-02,1857,22,-Inf,3.2688119037397803,1.3424226808222062
Missouri,2020-04-03,1864,25,-Inf,3.2704459080179626,1.3979400086720377
Missouri,2020-04-04,2310,33,-Inf,3.3636119798921444,1.5185139398778875
Missouri,2020-04-05,2347,44,-Inf,3.3705130895985924,1.6434526764861874
Missouri,2020-04-06,2736,47,-Inf,3.4371160930480786,1.6720978579357175
Missouri,2020-04-07,3130,65,-Inf,3.4955443375464483,1.8129133566428555
Missouri,2020-04-08,3209,86,-Inf,3.506369717095504,1.9344984512435677
Montana,2020-03-10,0,0,-Inf,-Inf,-Inf
Montana,2020-03-11,1,0,-Inf,0,-Inf
Montana,2020-03-12,1,0,-Inf,0,-Inf
Montana,2020-03-13,1,0,-Inf,0,-Inf
Montana,2020-03-14,5,0,-Inf,0.6989700043360189,-Inf
Montana,2020-03-15,7,0,-Inf,0.8450980400142568,-Inf
Montana,2020-03-16,7,0,-Inf,0.8450980400142568,-Inf
Montana,2020-03-17,9,0,-Inf,0.9542425094393249,-Inf
Montana,2020-03-18,11,0,-Inf,1.041392685158225,-Inf
Montana,2020-03-19,11,0,-Inf,1.041392685158225,-Inf
Montana,2020-03-20,15,0,-Inf,1.1760912590556813,-Inf
Montana,2020-03-21,21,0,-Inf,1.3222192947339193,-Inf
Montana,2020-03-22,34,0,-Inf,1.5314789170422551,-Inf
Montana,2020-03-23,34,0,-Inf,1.5314789170422551,-Inf
Montana,2020-03-24,51,0,-Inf,1.7075701760979363,-Inf
Montana,2020-03-25,65,0,-Inf,1.8129133566428555,-Inf
Montana,2020-03-26,90,0,-Inf,1.9542425094393248,-Inf
Montana,2020-03-27,109,1,-Inf,2.037426497940624,0
Montana,2020-03-28,129,1,-Inf,2.110589710299249,0
Montana,2020-03-29,154,1,-Inf,2.187520720836463,0
Montana,2020-03-30,171,5,-Inf,2.2329961103921536,0.6989700043360189
Montana,2020-03-31,198,5,-Inf,2.296665190261531,0.6989700043360189
Montana,2020-04-01,208,6,-Inf,2.3180633349627615,0.7781512503836436
Montana,2020-04-02,241,6,-Inf,2.3820170425748683,0.7781512503836436
Montana,2020-04-03,243,5,-Inf,2.385606273598312,0.6989700043360189
Montana,2020-04-04,265,6,-Inf,2.423245873936808,0.7781512503836436
Montana,2020-04-05,286,6,-Inf,2.456366033129043,0.7781512503836436
Montana,2020-04-06,299,6,-Inf,2.4756711883244296,0.7781512503836436
Montana,2020-04-07,319,6,-Inf,2.503790683057181,0.7781512503836436
Montana,2020-04-08,332,6,-Inf,2.5211380837040362,0.7781512503836436
Nebraska,2020-03-10,3,0,-Inf,0.47712125471966244,-Inf
Nebraska,2020-03-11,5,0,-Inf,0.6989700043360189,-Inf
Nebraska,2020-03-12,10,0,-Inf,1,-Inf
Nebraska,2020-03-13,13,0,-Inf,1.1139433523068367,-Inf
Nebraska,2020-03-14,14,0,-Inf,1.146128035678238,-Inf
Nebraska,2020-03-15,17,0,-Inf,1.2304489213782739,-Inf
Nebraska,2020-03-16,18,0,-Inf,1.255272505103306,-Inf
Nebraska,2020-03-17,21,0,-Inf,1.3222192947339193,-Inf
Nebraska,2020-03-18,24,0,-Inf,1.380211241711606,-Inf
Nebraska,2020-03-19,29,0,-Inf,1.462397997898956,-Inf
Nebraska,2020-03-20,37,0,-Inf,1.568201724066995,-Inf
Nebraska,2020-03-21,38,0,-Inf,1.5797835966168101,-Inf
Nebraska,2020-03-22,51,0,-Inf,1.7075701760979363,-Inf
Nebraska,2020-03-23,51,0,-Inf,1.7075701760979363,-Inf
Nebraska,2020-03-24,66,0,-Inf,1.8195439355418688,-Inf
Nebraska,2020-03-25,71,0,-Inf,1.8512583487190752,-Inf
Nebraska,2020-03-26,74,0,-Inf,1.8692317197309762,-Inf
Nebraska,2020-03-27,82,0,-Inf,1.9138138523837167,-Inf
Nebraska,2020-03-28,96,2,-Inf,1.9822712330395684,0.3010299956639812
Nebraska,2020-03-29,108,2,-Inf,2.03342375548695,0.3010299956639812
Nebraska,2020-03-30,145,2,-Inf,2.161368002234975,0.3010299956639812
Nebraska,2020-03-31,172,3,-Inf,2.2355284469075487,0.47712125471966244
Nebraska,2020-04-01,210,4,-Inf,2.322219294733919,0.6020599913279624
Nebraska,2020-04-02,246,5,-Inf,2.3909351071033793,0.6989700043360189
Nebraska,2020-04-03,279,6,-Inf,2.4456042032735974,0.7781512503836436
Nebraska,2020-04-04,321,6,-Inf,2.506505032404872,0.7781512503836436
Nebraska,2020-04-05,364,8,-Inf,2.561101383649056,0.9030899869919435
Nebraska,2020-04-06,417,9,-Inf,2.6201360549737576,0.9542425094393249
Nebraska,2020-04-07,447,10,-Inf,2.6503075231319366,1
Nebraska,2020-04-08,519,12,-Inf,2.7151673578484576,1.0791812460476249
Nevada,2020-03-10,4,0,-Inf,0.6020599913279624,-Inf
Nevada,2020-03-11,7,0,-Inf,0.8450980400142568,-Inf
Nevada,2020-03-12,14,0,-Inf,1.146128035678238,-Inf
Nevada,2020-03-13,17,0,-Inf,1.2304489213782739,-Inf
Nevada,2020-03-14,21,0,-Inf,1.3222192947339193,-Inf
Nevada,2020-03-15,24,0,-Inf,1.380211241711606,-Inf
Nevada,2020-03-16,45,1,-Inf,1.6532125137753437,0
Nevada,2020-03-17,56,1,-Inf,1.7481880270062005,0
Nevada,2020-03-18,55,1,-Inf,1.7403626894942439,0
Nevada,2020-03-19,95,1,-Inf,1.9777236052888478,0
Nevada,2020-03-20,114,1,-Inf,2.0569048513364727,0
Nevada,2020-03-21,161,2,-Inf,2.2068258760318495,0.3010299956639812
Nevada,2020-03-22,190,2,-Inf,2.278753600952829,0.3010299956639812
Nevada,2020-03-23,245,4,-Inf,2.3891660843645326,0.6020599913279624
Nevada,2020-03-24,278,4,-Inf,2.444044795918076,0.6020599913279624
Nevada,2020-03-25,323,6,-Inf,2.509202522331103,0.7781512503836436
Nevada,2020-03-26,420,10,-Inf,2.6232492903979003,1
Nevada,2020-03-27,536,10,-Inf,2.72916478969277,1
Nevada,2020-03-28,626,10,-Inf,2.7965743332104296,1
Nevada,2020-03-29,920,15,-Inf,2.963787827345555,1.1760912590556813
Nevada,2020-03-30,1012,15,-Inf,3.0051805125037805,1.1760912590556813
Nevada,2020-03-31,1114,26,-Inf,3.04688519083771,1.414973347970818
Nevada,2020-04-01,1279,31,-Inf,3.106870544478654,1.4913616938342726
Nevada,2020-04-02,1463,38,-Inf,3.1652443261253107,1.5797835966168101
Nevada,2020-04-03,1514,43,-Inf,3.180125875164054,1.6334684555795866
Nevada,2020-04-04,1742,46,-Inf,3.241048150671644,1.662757831681574
Nevada,2020-04-05,1855,46,-Inf,3.268343913951065,1.662757831681574
Nevada,2020-04-06,1953,46,-Inf,3.2907022432878543,1.662757831681574
Nevada,2020-04-07,2124,72,-Inf,3.3271545124094315,1.8573324964312685
Nevada,2020-04-08,2259,72,-Inf,3.353916230920363,1.8573324964312685
New Hampshire,2020-03-10,4,0,-Inf,0.6020599913279624,-Inf
New Hampshire,2020-03-11,5,0,-Inf,0.6989700043360189,-Inf
New Hampshire,2020-03-12,6,0,-Inf,0.7781512503836436,-Inf
New Hampshire,2020-03-13,6,0,-Inf,0.7781512503836436,-Inf
New Hampshire,2020-03-14,7,0,-Inf,0.8450980400142568,-Inf
New Hampshire,2020-03-15,13,0,-Inf,1.1139433523068367,-Inf
New Hampshire,2020-03-16,17,0,-Inf,1.2304489213782739,-Inf
New Hampshire,2020-03-17,26,0,-Inf,1.414973347970818,-Inf
New Hampshire,2020-03-18,26,0,-Inf,1.414973347970818,-Inf
New Hampshire,2020-03-19,44,0,-Inf,1.6434526764861874,-Inf
New Hampshire,2020-03-20,44,0,-Inf,1.6434526764861874,-Inf
New Hampshire,2020-03-21,55,0,-Inf,1.7403626894942439,-Inf
New Hampshire,2020-03-22,74,0,-Inf,1.8692317197309762,-Inf
New Hampshire,2020-03-23,101,1,-Inf,2.0043213737826426,0
New Hampshire,2020-03-24,101,1,-Inf,2.0043213737826426,0
New Hampshire,2020-03-25,108,1,-Inf,2.03342375548695,0
New Hampshire,2020-03-26,137,1,-Inf,2.1367205671564067,0
New Hampshire,2020-03-27,158,1,-Inf,2.1986570869544226,0
New Hampshire,2020-03-28,187,2,-Inf,2.271841606536499,0.3010299956639812
New Hampshire,2020-03-29,214,2,-Inf,2.330413773349191,0.3010299956639812
New Hampshire,2020-03-30,314,3,-Inf,2.496929648073215,0.47712125471966244
New Hampshire,2020-03-31,357,3,-Inf,2.552668216112193,0.47712125471966244
New Hampshire,2020-04-01,367,3,-Inf,2.5646660642520893,0.47712125471966244
New Hampshire,2020-04-02,316,3,-Inf,2.499687082618404,0.47712125471966244
New Hampshire,2020-04-03,479,5,-Inf,2.680335513414563,0.6989700043360189
New Hampshire,2020-04-04,540,7,-Inf,2.7323937598229686,0.8450980400142568
New Hampshire,2020-04-05,621,9,-Inf,2.79309160017658,0.9542425094393249
New Hampshire,2020-04-06,715,9,-Inf,2.8543060418010806,0.9542425094393249
New Hampshire,2020-04-07,715,9,-Inf,2.8543060418010806,0.9542425094393249
New Hampshire,2020-04-08,747,13,-Inf,2.873320601815399,1.1139433523068367
New Jersey,2020-03-10,15,1,-Inf,1.1760912590556813,0
New Jersey,2020-03-11,23,1,-Inf,1.3617278360175928,0
New Jersey,2020-03-12,29,1,-Inf,1.462397997898956,0
New Jersey,2020-03-13,29,1,-Inf,1.462397997898956,0
New Jersey,2020-03-14,69,1,-Inf,1.8388490907372552,0
New Jersey,2020-03-15,98,2,-Inf,1.9912260756924949,0.3010299956639812
New Jersey,2020-03-16,178,2,0,2.250420002308894,0.3010299956639812
New Jersey,2020-03-17,267,3,0,2.4265112613645754,0.47712125471966244
New Jersey,2020-03-18,267,3,-Inf,2.4265112613645754,0.47712125471966244
New Jersey,2020-03-19,742,9,-Inf,2.870403905279027,0.9542425094393249
New Jersey,2020-03-20,890,11,-Inf,2.949390006644913,1.041392685158225
New Jersey,2020-03-21,1327,16,-Inf,3.1228709228644354,1.2041199826559248
New Jersey,2020-03-22,1914,20,-Inf,3.281941933440825,1.3010299956639813
New Jersey,2020-03-23,2844,27,-Inf,3.4539295920577286,1.4313637641589874
New Jersey,2020-03-24,3675,44,-Inf,3.5652573434202135,1.6434526764861874
New Jersey,2020-03-25,4402,62,-Inf,3.6436500382173294,1.792391689498254
New Jersey,2020-03-26,6876,81,-Inf,3.837335868015015,1.9084850188786497
New Jersey,2020-03-27,8825,108,-Inf,3.9457147140598603,2.03342375548695
New Jersey,2020-03-28,11124,140,-Inf,4.046260980192122,2.146128035678238
New Jersey,2020-03-29,13386,161,-Inf,4.126650820667481,2.2068258760318495
New Jersey,2020-03-30,16636,198,-Inf,4.221048911692896,2.296665190261531
New Jersey,2020-03-31,18696,267,-Inf,4.271748699384171,2.4265112613645754
New Jersey,2020-04-01,22255,355,-Inf,4.347427598618541,2.550228353055094
New Jersey,2020-04-02,25590,537,-Inf,4.408070285887185,2.7299742856995555
New Jersey,2020-04-03,29895,646,-Inf,4.475598557756169,2.8102325179950842
New Jersey,2020-04-04,34124,846,-Inf,4.533059933284115,2.9273703630390235
New Jersey,2020-04-05,37505,917,-Inf,4.574089169798587,2.962369335670021
New Jersey,2020-04-06,41090,1003,-Inf,4.613736141261871,3.001300933020418
New Jersey,2020-04-07,44416,1232,-Inf,4.647539444438742,3.090610707828407
New Jersey,2020-04-08,47437,1504,-Inf,4.676117215671485,3.1772478362556233
New Mexico,2020-03-10,0,0,-Inf,-Inf,-Inf
New Mexico,2020-03-11,3,0,-Inf,0.47712125471966244,-Inf
New Mexico,2020-03-12,5,0,-Inf,0.6989700043360189,-Inf
New Mexico,2020-03-13,10,0,-Inf,1,-Inf
New Mexico,2020-03-14,10,0,-Inf,1,-Inf
New Mexico,2020-03-15,13,0,-Inf,1.1139433523068367,-Inf
New Mexico,2020-03-16,17,0,-Inf,1.2304489213782739,-Inf
New Mexico,2020-03-17,23,0,-Inf,1.3617278360175928,-Inf
New Mexico,2020-03-18,23,0,-Inf,1.3617278360175928,-Inf
New Mexico,2020-03-19,35,0,-Inf,1.5440680443502757,-Inf
New Mexico,2020-03-20,43,0,-Inf,1.6334684555795866,-Inf
New Mexico,2020-03-21,43,0,-Inf,1.6334684555795866,-Inf
New Mexico,2020-03-22,57,0,-Inf,1.7558748556724915,-Inf
New Mexico,2020-03-23,83,0,-Inf,1.919078092376074,-Inf
New Mexico,2020-03-24,100,0,-Inf,2,-Inf
New Mexico,2020-03-25,113,1,-Inf,2.05307844348342,0
New Mexico,2020-03-26,113,1,-Inf,2.05307844348342,0
New Mexico,2020-03-27,136,1,-Inf,2.1335389083702174,0
New Mexico,2020-03-28,208,1,-Inf,2.3180633349627615,0
New Mexico,2020-03-29,237,2,-Inf,2.374748346010104,0.3010299956639812
New Mexico,2020-03-30,237,2,-Inf,2.374748346010104,0.3010299956639812
New Mexico,2020-03-31,315,4,-Inf,2.4983105537896004,0.6020599913279624
New Mexico,2020-04-01,340,5,-Inf,2.531478917042255,0.6989700043360189
New Mexico,2020-04-02,388,6,-Inf,2.5888317255942073,0.7781512503836436
New Mexico,2020-04-03,534,10,-Inf,2.727541257028556,1
New Mexico,2020-04-04,534,10,-Inf,2.727541257028556,1
New Mexico,2020-04-05,670,12,-Inf,2.8260748027008264,1.0791812460476249
New Mexico,2020-04-06,757,12,-Inf,2.8790958795000727,1.0791812460476249
New Mexico,2020-04-07,876,13,-Inf,2.9425041061680806,1.1139433523068367
New Mexico,2020-04-08,902,13,-Inf,2.9552065375419416,1.1139433523068367
New York,2020-03-10,173,0,-Inf,2.2380461031287955,-Inf
New York,2020-03-11,220,0,-Inf,2.342422680822206,-Inf
New York,2020-03-12,328,0,-Inf,2.515873843711679,-Inf
New York,2020-03-13,421,0,-Inf,2.6242820958356683,-Inf
New York,2020-03-14,525,2,-Inf,2.720159303405957,0.3010299956639812
New York,2020-03-15,732,3,-Inf,2.864511081058392,0.47712125471966244
New York,2020-03-16,967,10,-Inf,2.9854264740830017,1
New York,2020-03-17,1706,13,-Inf,3.231979026831504,1.1139433523068367
New York,2020-03-18,2495,16,-Inf,3.397070549959409,1.2041199826559248
New York,2020-03-19,5365,34,-Inf,3.72956972630197,1.5314789170422551
New York,2020-03-20,8310,42,-Inf,3.919601023784111,1.6232492903979006
New York,2020-03-21,11710,60,-Inf,4.068556895072363,1.7781512503836436
New York,2020-03-22,15800,117,-Inf,4.198657086954423,2.0681858617461617
New York,2020-03-23,20884,158,-Inf,4.319813684538678,2.1986570869544226
New York,2020-03-24,25681,210,-Inf,4.409611930846435,2.322219294733919
New York,2020-03-25,30841,285,-Inf,4.489128451332258,2.45484486000851
New York,2020-03-26,37877,385,-Inf,4.578375573946839,2.5854607295085006
New York,2020-03-27,44876,527,-Inf,4.652014139350008,2.7218106152125467
New York,2020-03-28,52410,728,-Inf,4.719414159702593,2.862131379313037
New York,2020-03-29,59648,965,-Inf,4.775595886337869,2.9845273133437926
New York,2020-03-30,66663,1218,-Inf,4.823884854090919,3.0856472882968564
New York,2020-03-31,75833,1550,-Inf,4.87985823728254,3.1903316981702914
New York,2020-04-01,83948,1941,-Inf,4.924010353847379,3.2880255353883627
New York,2020-04-02,92506,2373,-Inf,4.966169902278316,3.375297738217339
New York,2020-04-03,102987,2935,-Inf,5.012782407379105,3.467608105583633
New York,2020-04-04,113833,3565,-Inf,5.056268181569872,3.5520595341878844
New York,2020-04-05,123160,4159,-Inf,5.090469680231161,3.6189889203649335
New York,2020-04-06,131815,4698,-Inf,5.119964833979976,3.671913012441587
New York,2020-04-07,139875,5489,-Inf,5.145740099536407,3.739493230781615
New York,2020-04-08,151061,6268,-Inf,5.179152355331653,3.7971289877965524
North Carolina,2020-03-10,7,0,-Inf,0.8450980400142568,-Inf
North Carolina,2020-03-11,7,0,-Inf,0.8450980400142568,-Inf
North Carolina,2020-03-12,15,0,-Inf,1.1760912590556813,-Inf
North Carolina,2020-03-13,17,0,-Inf,1.2304489213782739,-Inf
North Carolina,2020-03-14,24,0,-Inf,1.380211241711606,-Inf
North Carolina,2020-03-15,33,0,-Inf,1.5185139398778875,-Inf
North Carolina,2020-03-16,38,0,-Inf,1.5797835966168101,-Inf
North Carolina,2020-03-17,64,0,-Inf,1.806179973983887,-Inf
North Carolina,2020-03-18,70,0,-Inf,1.845098040014257,-Inf
North Carolina,2020-03-19,123,0,-Inf,2.089905111439398,-Inf
North Carolina,2020-03-20,172,0,-Inf,2.2355284469075487,-Inf
North Carolina,2020-03-21,253,0,-Inf,2.403120521175818,-Inf
North Carolina,2020-03-22,305,0,-Inf,2.484299839346786,-Inf
North Carolina,2020-03-23,353,0,-Inf,2.5477747053878224,-Inf
North Carolina,2020-03-24,495,0,-Inf,2.694605198933569,-Inf
North Carolina,2020-03-25,590,2,-Inf,2.7708520116421442,0.3010299956639812
North Carolina,2020-03-26,738,3,-Inf,2.8680563618230415,0.47712125471966244
North Carolina,2020-03-27,887,4,-Inf,2.9479236198317262,0.6020599913279624
North Carolina,2020-03-28,1020,5,-Inf,3.0086001717619175,0.6989700043360189
North Carolina,2020-03-29,1191,7,-Inf,3.0759117614827773,0.8450980400142568
North Carolina,2020-03-30,1313,7,-Inf,3.118264726089479,0.8450980400142568
North Carolina,2020-03-31,1535,12,-Inf,3.1861083798132053,1.0791812460476249
North Carolina,2020-04-01,1675,14,-Inf,3.224014811372864,1.146128035678238
North Carolina,2020-04-02,1977,21,-Inf,3.2960066693136723,1.3222192947339193
North Carolina,2020-04-03,2251,27,-Inf,3.35237549500052,1.4313637641589874
North Carolina,2020-04-04,2486,34,-Inf,3.395501124305626,1.5314789170422551
North Carolina,2020-04-05,2649,38,-Inf,3.423081958297231,1.5797835966168101
North Carolina,2020-04-06,2962,45,-Inf,3.47158505418519,1.6532125137753437
North Carolina,2020-04-07,3299,53,-Inf,3.518382315545344,1.7242758696007892
North Carolina,2020-04-08,3499,66,-Inf,3.5439439424829065,1.8195439355418688
North Dakota,2020-03-10,0,0,-Inf,-Inf,-Inf
North Dakota,2020-03-11,0,0,-Inf,-Inf,-Inf
North Dakota,2020-03-12,1,0,-Inf,0,-Inf
North Dakota,2020-03-13,1,0,-Inf,0,-Inf
North Dakota,2020-03-14,1,0,-Inf,0,-Inf
North Dakota,2020-03-15,1,0,-Inf,0,-Inf
North Dakota,2020-03-16,1,0,-Inf,0,-Inf
North Dakota,2020-03-17,3,0,-Inf,0.47712125471966244,-Inf
North Dakota,2020-03-18,6,0,-Inf,0.7781512503836436,-Inf
North Dakota,2020-03-19,18,0,-Inf,1.255272505103306,-Inf
North Dakota,2020-03-20,19,0,-Inf,1.2787536009528289,-Inf
North Dakota,2020-03-21,28,0,-Inf,1.4471580313422192,-Inf
North Dakota,2020-03-22,28,0,-Inf,1.4471580313422192,-Inf
North Dakota,2020-03-23,30,0,-Inf,1.4771212547196624,-Inf
North Dakota,2020-03-24,36,0,-Inf,1.5563025007672873,-Inf
North Dakota,2020-03-25,45,0,-Inf,1.6532125137753437,-Inf
North Dakota,2020-03-26,51,0,-Inf,1.7075701760979363,-Inf
North Dakota,2020-03-27,68,1,-Inf,1.8325089127062364,0
North Dakota,2020-03-28,94,1,-Inf,1.9731278535996986,0
North Dakota,2020-03-29,98,1,-Inf,1.9912260756924949,0
North Dakota,2020-03-30,109,2,-Inf,2.037426497940624,0.3010299956639812
North Dakota,2020-03-31,122,3,-Inf,2.0863598306747484,0.47712125471966244
North Dakota,2020-04-01,142,3,-Inf,2.1522883443830563,0.47712125471966244
North Dakota,2020-04-02,159,3,-Inf,2.2013971243204513,0.47712125471966244
North Dakota,2020-04-03,173,3,-Inf,2.2380461031287955,0.47712125471966244
North Dakota,2020-04-04,186,3,-Inf,2.2695129442179165,0.47712125471966244
North Dakota,2020-04-05,207,3,-Inf,2.315970345456918,0.47712125471966244
North Dakota,2020-04-06,225,3,-Inf,2.3521825181113627,0.47712125471966244
North Dakota,2020-04-07,237,4,-Inf,2.374748346010104,0.6020599913279624
North Dakota,2020-04-08,251,4,-Inf,2.399673721481038,0.6020599913279624
Ohio,2020-03-10,3,0,-Inf,0.47712125471966244,-Inf
Ohio,2020-03-11,4,0,-Inf,0.6020599913279624,-Inf
Ohio,2020-03-12,5,0,-Inf,0.6989700043360189,-Inf
Ohio,2020-03-13,13,0,-Inf,1.1139433523068367,-Inf
Ohio,2020-03-14,26,0,-Inf,1.414973347970818,-Inf
Ohio,2020-03-15,37,0,-Inf,1.568201724066995,-Inf
Ohio,2020-03-16,50,0,-Inf,1.6989700043360187,-Inf
Ohio,2020-03-17,67,0,-Inf,1.8260748027008264,-Inf
Ohio,2020-03-18,86,0,-Inf,1.9344984512435677,-Inf
Ohio,2020-03-19,119,0,-Inf,2.075546961392531,-Inf
Ohio,2020-03-20,173,2,-Inf,2.2380461031287955,0.3010299956639812
Ohio,2020-03-21,248,3,-Inf,2.3944516808262164,0.47712125471966244
Ohio,2020-03-22,356,3,-Inf,2.5514499979728753,0.47712125471966244
Ohio,2020-03-23,443,6,-Inf,2.6464037262230695,0.7781512503836436
Ohio,2020-03-24,567,8,-Inf,2.7535830588929064,0.9030899869919435
Ohio,2020-03-25,704,11,-Inf,2.847572659142112,1.041392685158225
Ohio,2020-03-26,868,15,-Inf,2.938519725176492,1.1760912590556813
Ohio,2020-03-27,1137,19,-Inf,3.0557604646877348,1.2787536009528289
Ohio,2020-03-28,1406,25,-Inf,3.147985320683805,1.3979400086720377
Ohio,2020-03-29,1653,29,-Inf,3.2182728535714475,1.462397997898956
Ohio,2020-03-30,1933,40,-Inf,3.286231854028553,1.6020599913279625
Ohio,2020-03-31,2199,55,-Inf,3.3422252293607904,1.7403626894942439
Ohio,2020-04-01,2547,65,-Inf,3.406028944963615,1.8129133566428555
Ohio,2020-04-02,2901,81,-Inf,3.4625477288026643,1.9084850188786497
Ohio,2020-04-03,3312,91,-Inf,3.5200903281128424,1.9590413923210936
Ohio,2020-04-04,3739,102,-Inf,3.5727554651542195,2.0086001717619175
Ohio,2020-04-05,4043,119,-Inf,3.6067037413336744,2.075546961392531
Ohio,2020-04-06,4453,142,-Inf,3.648652695131223,2.1522883443830563
Ohio,2020-04-07,4782,167,-Inf,3.679609571779756,2.2227164711475833
Ohio,2020-04-08,5148,193,-Inf,3.711638538232349,2.285557309007774
Oklahoma,2020-03-10,2,0,-Inf,0.3010299956639812,-Inf
Oklahoma,2020-03-11,2,0,-Inf,0.3010299956639812,-Inf
Oklahoma,2020-03-12,2,0,-Inf,0.3010299956639812,-Inf
Oklahoma,2020-03-13,2,0,-Inf,0.3010299956639812,-Inf
Oklahoma,2020-03-14,4,0,-Inf,0.6020599913279624,-Inf
Oklahoma,2020-03-15,7,0,-Inf,0.8450980400142568,-Inf
Oklahoma,2020-03-16,10,0,-Inf,1,-Inf
Oklahoma,2020-03-17,19,0,-Inf,1.2787536009528289,-Inf
Oklahoma,2020-03-18,19,0,-Inf,1.2787536009528289,-Inf
Oklahoma,2020-03-19,44,1,-Inf,1.6434526764861874,0
Oklahoma,2020-03-20,49,1,-Inf,1.6901960800285136,0
Oklahoma,2020-03-21,53,1,-Inf,1.7242758696007892,0
Oklahoma,2020-03-22,67,2,-Inf,1.8260748027008264,0.3010299956639812
Oklahoma,2020-03-23,81,2,-Inf,1.9084850188786497,0.3010299956639812
Oklahoma,2020-03-24,106,3,-Inf,2.0253058652647704,0.47712125471966244
Oklahoma,2020-03-25,164,5,-Inf,2.214843848047698,0.6989700043360189
Oklahoma,2020-03-26,248,7,-Inf,2.3944516808262164,0.8450980400142568
Oklahoma,2020-03-27,322,8,-Inf,2.507855871695831,0.9030899869919435
Oklahoma,2020-03-28,377,15,-Inf,2.576341350205793,1.1760912590556813
Oklahoma,2020-03-29,429,16,-Inf,2.632457292184724,1.2041199826559248
Oklahoma,2020-03-30,481,16,-Inf,2.682145076373832,1.2041199826559248
Oklahoma,2020-03-31,568,23,-Inf,2.754348335711019,1.3617278360175928
Oklahoma,2020-04-01,721,30,-Inf,2.857935264719429,1.4771212547196624
Oklahoma,2020-04-02,881,34,-Inf,2.944975908412048,1.5314789170422551
Oklahoma,2020-04-03,990,38,-Inf,2.9956351945975497,1.5797835966168101
Oklahoma,2020-04-04,1161,42,-Inf,3.064832219738574,1.6232492903979006
Oklahoma,2020-04-05,1254,46,-Inf,3.0982975364946976,1.662757831681574
Oklahoma,2020-04-06,1329,51,-Inf,3.123524980942732,1.7075701760979363
Oklahoma,2020-04-07,1474,67,-Inf,3.1684974835230326,1.8260748027008264
Oklahoma,2020-04-08,1526,79,-Inf,3.1835545336188615,1.8976270912904414
Oregon,2020-03-10,15,0,-Inf,1.1760912590556813,-Inf
Oregon,2020-03-11,19,0,-Inf,1.2787536009528289,-Inf
Oregon,2020-03-12,24,0,-Inf,1.380211241711606,-Inf
Oregon,2020-03-13,30,0,-Inf,1.4771212547196624,-Inf
Oregon,2020-03-14,32,0,-Inf,1.505149978319906,-Inf
Oregon,2020-03-15,36,1,-Inf,1.5563025007672873,0
Oregon,2020-03-16,39,1,-Inf,1.591064607026499,0
Oregon,2020-03-17,66,1,-Inf,1.8195439355418688,0
Oregon,2020-03-18,68,2,-Inf,1.8325089127062364,0.3010299956639812
Oregon,2020-03-19,88,3,-Inf,1.9444826721501687,0.47712125471966244
Oregon,2020-03-20,114,3,-Inf,2.0569048513364727,0.47712125471966244
Oregon,2020-03-21,114,5,-Inf,2.0569048513364727,0.6989700043360189
Oregon,2020-03-22,161,5,-Inf,2.2068258760318495,0.6989700043360189
Oregon,2020-03-23,191,5,-Inf,2.2810333672477277,0.6989700043360189
Oregon,2020-03-24,210,8,-Inf,2.322219294733919,0.9030899869919435
Oregon,2020-03-25,266,10,-Inf,2.424881636631067,1
Oregon,2020-03-26,316,11,-Inf,2.499687082618404,1.041392685158225
Oregon,2020-03-27,416,12,-Inf,2.6190933306267428,1.0791812460476249
Oregon,2020-03-28,479,13,-Inf,2.680335513414563,1.1139433523068367
Oregon,2020-03-29,548,13,-Inf,2.738780558484369,1.1139433523068367
Oregon,2020-03-30,606,16,-Inf,2.782472624166286,1.2041199826559248
Oregon,2020-03-31,690,18,-Inf,2.838849090737255,1.255272505103306
Oregon,2020-04-01,736,19,-Inf,2.866877814337499,1.2787536009528289
Oregon,2020-04-02,826,21,-Inf,2.916980047320382,1.3222192947339193
Oregon,2020-04-03,899,22,-Inf,2.9537596917332287,1.3424226808222062
Oregon,2020-04-04,899,22,-Inf,2.9537596917332287,1.3424226808222062
Oregon,2020-04-05,1068,27,-Inf,3.0285712526925375,1.4313637641589874
Oregon,2020-04-06,1068,27,-Inf,3.0285712526925375,1.4313637641589874
Oregon,2020-04-07,1132,29,-Inf,3.0538464268522527,1.462397997898956
Oregon,2020-04-08,1181,33,-Inf,3.072249897613515,1.5185139398778875
Pennsylvania,2020-03-10,12,0,-Inf,1.0791812460476249,-Inf
Pennsylvania,2020-03-11,16,0,-Inf,1.2041199826559248,-Inf
Pennsylvania,2020-03-12,22,0,-Inf,1.3424226808222062,-Inf
Pennsylvania,2020-03-13,41,0,-Inf,1.6127838567197355,-Inf
Pennsylvania,2020-03-14,47,0,-Inf,1.6720978579357175,-Inf
Pennsylvania,2020-03-15,66,0,-Inf,1.8195439355418688,-Inf
Pennsylvania,2020-03-16,77,0,-Inf,1.8864907251724818,-Inf
Pennsylvania,2020-03-17,112,0,-Inf,2.0492180226701815,-Inf
Pennsylvania,2020-03-18,152,0,-Inf,2.1818435879447726,-Inf
Pennsylvania,2020-03-19,206,1,-Inf,2.3138672203691533,0
Pennsylvania,2020-03-20,303,1,-Inf,2.481442628502305,0
Pennsylvania,2020-03-21,396,2,-Inf,2.597695185925512,0.3010299956639812
Pennsylvania,2020-03-22,509,4,-Inf,2.7067177823367587,0.6020599913279624
Pennsylvania,2020-03-23,698,6,-Inf,2.843855422623161,0.7781512503836436
Pennsylvania,2020-03-24,946,8,-Inf,2.975891136401793,0.9030899869919435
Pennsylvania,2020-03-25,1260,15,-Inf,3.100370545117563,1.1760912590556813
Pennsylvania,2020-03-26,1795,18,-Inf,3.254064452914338,1.255272505103306
Pennsylvania,2020-03-27,2345,22,-Inf,3.370142847051102,1.3424226808222062
Pennsylvania,2020-03-28,2845,34,-Inf,3.45408227073109,1.5314789170422551
Pennsylvania,2020-03-29,3432,41,-Inf,3.535547279176668,1.6127838567197355
Pennsylvania,2020-03-30,4155,50,-Inf,3.61857102812013,1.6989700043360187
Pennsylvania,2020-03-31,4963,63,-Inf,3.6957442751973235,1.7993405494535817
Pennsylvania,2020-04-01,6009,74,-Inf,3.7788022040132385,1.8692317197309762
Pennsylvania,2020-04-02,7268,90,-Inf,3.8614149186359965,1.9542425094393248
Pennsylvania,2020-04-03,8570,102,-Inf,3.932980821923198,2.0086001717619175
Pennsylvania,2020-04-04,10444,136,-Inf,4.018866863150907,2.1335389083702174
Pennsylvania,2020-04-05,11589,151,-Inf,4.0640459628644825,2.1789769472931693
Pennsylvania,2020-04-06,13127,179,-Inf,4.118165485243124,2.2528530309798933
Pennsylvania,2020-04-07,14853,247,-Inf,4.171814181051147,2.392696953259666
Pennsylvania,2020-04-08,16631,318,-Inf,4.220918363556553,2.5024271199844326
Rhode Island,2020-03-10,3,0,-Inf,0.47712125471966244,-Inf
Rhode Island,2020-03-11,5,0,-Inf,0.6989700043360189,-Inf
Rhode Island,2020-03-12,5,0,-Inf,0.6989700043360189,-Inf
Rhode Island,2020-03-13,14,0,-Inf,1.146128035678238,-Inf
Rhode Island,2020-03-14,20,0,-Inf,1.3010299956639813,-Inf
Rhode Island,2020-03-15,20,0,-Inf,1.3010299956639813,-Inf
Rhode Island,2020-03-16,21,0,-Inf,1.3222192947339193,-Inf
Rhode Island,2020-03-17,23,0,-Inf,1.3617278360175928,-Inf
Rhode Island,2020-03-18,33,0,-Inf,1.5185139398778875,-Inf
Rhode Island,2020-03-19,44,0,-Inf,1.6434526764861874,-Inf
Rhode Island,2020-03-20,54,0,-Inf,1.7323937598229686,-Inf
Rhode Island,2020-03-21,66,0,-Inf,1.8195439355418688,-Inf
Rhode Island,2020-03-22,83,0,-Inf,1.919078092376074,-Inf
Rhode Island,2020-03-23,106,0,-Inf,2.0253058652647704,-Inf
Rhode Island,2020-03-24,124,0,-Inf,2.093421685162235,-Inf
Rhode Island,2020-03-25,132,0,-Inf,2.12057393120585,-Inf
Rhode Island,2020-03-26,165,0,-Inf,2.2174839442139063,-Inf
Rhode Island,2020-03-27,203,0,-Inf,2.307496037913213,-Inf
Rhode Island,2020-03-28,239,2,-Inf,2.3783979009481375,0.3010299956639812
Rhode Island,2020-03-29,294,3,-Inf,2.4683473304121573,0.47712125471966244
Rhode Island,2020-03-30,408,4,-Inf,2.61066016308988,0.6020599913279624
Rhode Island,2020-03-31,488,8,-Inf,2.6884198220027105,0.9030899869919435
Rhode Island,2020-04-01,566,10,-Inf,2.7528164311882715,1
Rhode Island,2020-04-02,657,12,-Inf,2.8175653695597807,1.0791812460476249
Rhode Island,2020-04-03,711,14,-Inf,2.851869600729766,1.146128035678238
Rhode Island,2020-04-04,806,17,-Inf,2.906335041805091,1.2304489213782739
Rhode Island,2020-04-05,922,25,-Inf,2.9647309210536292,1.3979400086720377
Rhode Island,2020-04-06,1082,27,-Inf,3.0342272607705505,1.4313637641589874
Rhode Island,2020-04-07,1229,30,-Inf,3.089551882886454,1.4771212547196624
Rhode Island,2020-04-08,1450,35,-Inf,3.161368002234975,1.5440680443502757
South Carolina,2020-03-10,7,0,-Inf,0.8450980400142568,-Inf
South Carolina,2020-03-11,10,0,-Inf,1,-Inf
South Carolina,2020-03-12,12,0,-Inf,1.0791812460476249,-Inf
South Carolina,2020-03-13,13,0,-Inf,1.1139433523068367,-Inf
South Carolina,2020-03-14,19,0,-Inf,1.2787536009528289,-Inf
South Carolina,2020-03-15,28,0,-Inf,1.4471580313422192,-Inf
South Carolina,2020-03-16,33,1,-Inf,1.5185139398778875,0
South Carolina,2020-03-17,47,1,-Inf,1.6720978579357175,0
South Carolina,2020-03-18,47,1,-Inf,1.6720978579357175,0
South Carolina,2020-03-19,81,1,-Inf,1.9084850188786497,0
South Carolina,2020-03-20,126,1,-Inf,2.100370545117563,0
South Carolina,2020-03-21,171,3,-Inf,2.2329961103921536,0.47712125471966244
South Carolina,2020-03-22,196,3,-Inf,2.292256071356476,0.47712125471966244
South Carolina,2020-03-23,298,5,-Inf,2.4742162640762553,0.6989700043360189
South Carolina,2020-03-24,342,5,-Inf,2.534026106056135,0.6989700043360189
South Carolina,2020-03-25,424,7,-Inf,2.6273658565927325,0.8450980400142568
South Carolina,2020-03-26,424,9,-Inf,2.6273658565927325,0.9542425094393249
South Carolina,2020-03-27,542,13,-Inf,2.733999286538387,1.1139433523068367
South Carolina,2020-03-28,660,15,-Inf,2.8195439355418688,1.1760912590556813
South Carolina,2020-03-29,774,16,-Inf,2.8887409606828927,1.2041199826559248
South Carolina,2020-03-30,925,18,-Inf,2.9661417327390325,1.255272505103306
South Carolina,2020-03-31,1083,22,-Inf,3.0346284566253203,1.3424226808222062
South Carolina,2020-04-01,1293,26,-Inf,3.111598524880394,1.414973347970818
South Carolina,2020-04-02,1554,31,-Inf,3.1914510144648953,1.4913616938342726
South Carolina,2020-04-03,1700,34,-Inf,3.230448921378274,1.5314789170422551
South Carolina,2020-04-04,1917,40,-Inf,3.2826221128780624,1.6020599913279625
South Carolina,2020-04-05,2049,44,-Inf,3.311541958401195,1.6434526764861874
South Carolina,2020-04-06,2232,48,-Inf,3.348694190265541,1.6812412373755872
South Carolina,2020-04-07,2417,51,-Inf,3.3832766504076504,1.7075701760979363
South Carolina,2020-04-08,2417,51,-Inf,3.3832766504076504,1.7075701760979363
South Dakota,2020-03-10,0,0,-Inf,-Inf,-Inf
South Dakota,2020-03-11,8,1,-Inf,0.9030899869919435,0
South Dakota,2020-03-12,8,1,-Inf,0.9030899869919435,0
South Dakota,2020-03-13,8,1,-Inf,0.9030899869919435,0
South Dakota,2020-03-14,9,1,-Inf,0.9542425094393249,0
South Dakota,2020-03-15,9,1,-Inf,0.9542425094393249,0
South Dakota,2020-03-16,10,1,-Inf,1,0
South Dakota,2020-03-17,11,1,-Inf,1.041392685158225,0
South Dakota,2020-03-18,11,1,-Inf,1.041392685158225,0
South Dakota,2020-03-19,11,1,-Inf,1.041392685158225,0
South Dakota,2020-03-20,14,1,-Inf,1.146128035678238,0
South Dakota,2020-03-21,14,1,-Inf,1.146128035678238,0
South Dakota,2020-03-22,21,1,-Inf,1.3222192947339193,0
South Dakota,2020-03-23,28,1,-Inf,1.4471580313422192,0
South Dakota,2020-03-24,30,1,-Inf,1.4771212547196624,0
South Dakota,2020-03-25,41,1,-Inf,1.6127838567197355,0
South Dakota,2020-03-26,46,1,-Inf,1.662757831681574,0
South Dakota,2020-03-27,58,1,-Inf,1.7634279935629373,0
South Dakota,2020-03-28,68,1,-Inf,1.8325089127062364,0
South Dakota,2020-03-29,90,1,-Inf,1.9542425094393248,0
South Dakota,2020-03-30,101,1,-Inf,2.0043213737826426,0
South Dakota,2020-03-31,108,1,-Inf,2.03342375548695,0
South Dakota,2020-04-01,129,2,-Inf,2.110589710299249,0.3010299956639812
South Dakota,2020-04-02,165,2,-Inf,2.2174839442139063,0.3010299956639812
South Dakota,2020-04-03,187,2,-Inf,2.271841606536499,0.3010299956639812
South Dakota,2020-04-04,212,2,-Inf,2.3263358609287517,0.3010299956639812
South Dakota,2020-04-05,240,2,-Inf,2.380211241711606,0.3010299956639812
South Dakota,2020-04-06,288,4,-Inf,2.459392487759231,0.6020599913279624
South Dakota,2020-04-07,320,6,-Inf,2.505149978319906,0.7781512503836436
South Dakota,2020-04-08,393,6,-Inf,2.5943925503754266,0.7781512503836436
Tennessee,2020-03-10,7,0,-Inf,0.8450980400142568,-Inf
Tennessee,2020-03-11,9,0,-Inf,0.9542425094393249,-Inf
Tennessee,2020-03-12,18,0,-Inf,1.255272505103306,-Inf
Tennessee,2020-03-13,26,0,-Inf,1.414973347970818,-Inf
Tennessee,2020-03-14,32,0,-Inf,1.505149978319906,-Inf
Tennessee,2020-03-15,39,0,-Inf,1.591064607026499,-Inf
Tennessee,2020-03-16,52,0,-Inf,1.7160033436347992,-Inf
Tennessee,2020-03-17,74,0,-Inf,1.8692317197309762,-Inf
Tennessee,2020-03-18,79,0,-Inf,1.8976270912904414,-Inf
Tennessee,2020-03-19,154,0,-Inf,2.187520720836463,-Inf
Tennessee,2020-03-20,233,0,-Inf,2.367355921026019,-Inf
Tennessee,2020-03-21,371,1,-Inf,2.569373909615046,0
Tennessee,2020-03-22,505,2,-Inf,2.7032913781186614,0.3010299956639812
Tennessee,2020-03-23,614,2,-Inf,2.788168371141168,0.3010299956639812
Tennessee,2020-03-24,772,2,-Inf,2.887617300335736,0.3010299956639812
Tennessee,2020-03-25,916,3,-Inf,2.9618954736678504,0.47712125471966244
Tennessee,2020-03-26,1097,3,-Inf,3.0402066275747113,0.47712125471966244
Tennessee,2020-03-27,1318,6,-Inf,3.119915410257991,0.7781512503836436
Tennessee,2020-03-28,1511,7,-Inf,3.1792644643390253,0.8450980400142568
Tennessee,2020-03-29,1720,8,-Inf,3.2355284469075487,0.9030899869919435
Tennessee,2020-03-30,1917,14,-Inf,3.2826221128780624,1.146128035678238
Tennessee,2020-03-31,2391,23,-Inf,3.378579576115775,1.3617278360175928
Tennessee,2020-04-01,2933,24,-Inf,3.467312062980552,1.380211241711606
Tennessee,2020-04-02,2845,36,-Inf,3.45408227073109,1.5563025007672873
Tennessee,2020-04-03,3067,41,-Inf,3.4867137759824853,1.6127838567197355
Tennessee,2020-04-04,3322,50,-Inf,3.5213996281153754,1.6989700043360187
Tennessee,2020-04-05,3633,53,-Inf,3.5602653978627146,1.7242758696007892
Tennessee,2020-04-06,3802,65,-Inf,3.5800121125294244,1.8129133566428555
Tennessee,2020-04-07,4139,72,-Inf,3.61689542640076,1.8573324964312685
Tennessee,2020-04-08,4363,80,-Inf,3.63978521298682,1.9030899869919435
Texas,2020-03-10,13,0,-Inf,1.1139433523068367,-Inf
Texas,2020-03-11,21,0,-Inf,1.3222192947339193,-Inf
Texas,2020-03-12,27,0,-Inf,1.4313637641589874,-Inf
Texas,2020-03-13,43,0,-Inf,1.6334684555795866,-Inf
Texas,2020-03-14,57,0,-Inf,1.7558748556724915,-Inf
Texas,2020-03-15,72,0,-Inf,1.8573324964312685,-Inf
Texas,2020-03-16,85,0,-Inf,1.9294189257142929,-Inf
Texas,2020-03-17,110,1,-Inf,2.041392685158225,0
Texas,2020-03-18,173,3,-Inf,2.2380461031287955,0.47712125471966244
Texas,2020-03-19,260,5,-Inf,2.4149733479708178,0.6989700043360189
Texas,2020-03-20,394,5,-Inf,2.595496221825574,0.6989700043360189
Texas,2020-03-21,581,5,-Inf,2.7641761323903307,0.6989700043360189
Texas,2020-03-22,643,7,-Inf,2.808210972924222,0.8450980400142568
Texas,2020-03-23,758,9,-Inf,2.8796692056320534,0.9542425094393249
Texas,2020-03-24,955,12,-Inf,2.9800033715837464,1.0791812460476249
Texas,2020-03-25,1229,15,-Inf,3.089551882886454,1.1760912590556813
Texas,2020-03-26,1563,21,-Inf,3.193958978019187,1.3222192947339193
Texas,2020-03-27,1937,26,-Inf,3.287129620719111,1.414973347970818
Texas,2020-03-28,2455,30,-Inf,3.3900514964589874,1.4771212547196624
Texas,2020-03-29,2792,37,-Inf,3.4459154139511234,1.568201724066995
Texas,2020-03-30,3147,45,-Inf,3.49789674291322,1.6532125137753437
Texas,2020-03-31,3809,54,-Inf,3.580810972660946,1.7323937598229686
Texas,2020-04-01,4355,66,-Inf,3.638988159343682,1.8195439355418688
Texas,2020-04-02,5069,77,-Inf,3.7049222912234017,1.8864907251724818
Texas,2020-04-03,5734,100,-Inf,3.7584576886104655,2
Texas,2020-04-04,6556,116,-Inf,3.8166389448984614,2.0644579892269186
Texas,2020-04-05,7209,136,-Inf,3.8578750255235628,2.1335389083702174
Texas,2020-04-06,8043,150,-Inf,3.905418068702542,2.1760912590556813
Texas,2020-04-07,8925,160,-Inf,3.9506082247842307,2.204119982655925
Texas,2020-04-08,9777,189,-Inf,3.9902056151848067,2.2764618041732443
Utah,2020-03-10,2,0,-Inf,0.3010299956639812,-Inf
Utah,2020-03-11,3,0,-Inf,0.47712125471966244,-Inf
Utah,2020-03-12,5,0,-Inf,0.6989700043360189,-Inf
Utah,2020-03-13,9,0,-Inf,0.9542425094393249,-Inf
Utah,2020-03-14,10,0,-Inf,1,-Inf
Utah,2020-03-15,28,0,-Inf,1.4471580313422192,-Inf
Utah,2020-03-16,39,0,-Inf,1.591064607026499,-Inf
Utah,2020-03-17,51,0,-Inf,1.7075701760979363,-Inf
Utah,2020-03-18,51,0,-Inf,1.7075701760979363,-Inf
Utah,2020-03-19,80,0,-Inf,1.9030899869919435,-Inf
Utah,2020-03-20,78,0,-Inf,1.8920946026904804,-Inf
Utah,2020-03-21,136,0,-Inf,2.1335389083702174,-Inf
Utah,2020-03-22,162,1,-Inf,2.2095150145426308,0
Utah,2020-03-23,257,1,-Inf,2.4099331233312946,0
Utah,2020-03-24,298,1,-Inf,2.4742162640762553,0
Utah,2020-03-25,340,1,-Inf,2.531478917042255,0
Utah,2020-03-26,396,1,-Inf,2.597695185925512,0
Utah,2020-03-27,472,1,-Inf,2.673941998634088,0
Utah,2020-03-28,602,1,-Inf,2.7795964912578244,0
Utah,2020-03-29,720,2,-Inf,2.8573324964312685,0.3010299956639812
Utah,2020-03-30,804,4,-Inf,2.905256048748451,0.6020599913279624
Utah,2020-03-31,888,5,-Inf,2.948412965778601,0.6989700043360189
Utah,2020-04-01,888,5,-Inf,2.948412965778601,0.6989700043360189
Utah,2020-04-02,1092,7,-Inf,3.0382226383687185,0.8450980400142568
Utah,2020-04-03,1255,7,-Inf,3.098643725817057,0.8450980400142568
Utah,2020-04-04,1435,8,-Inf,3.156851901070011,0.9030899869919435
Utah,2020-04-05,1608,8,-Inf,3.2062860444124324,0.9030899869919435
Utah,2020-04-06,1685,13,-Inf,3.2265999052073573,1.1139433523068367
Utah,2020-04-07,1746,13,-Inf,3.2420442393695508,1.1139433523068367
Utah,2020-04-08,1855,13,-Inf,3.268343913951065,1.1139433523068367
Vermont,2020-03-10,1,0,-Inf,0,-Inf
Vermont,2020-03-11,1,0,-Inf,0,-Inf
Vermont,2020-03-12,2,0,-Inf,0.3010299956639812,-Inf
Vermont,2020-03-13,2,0,-Inf,0.3010299956639812,-Inf
Vermont,2020-03-14,5,0,-Inf,0.6989700043360189,-Inf
Vermont,2020-03-15,8,0,-Inf,0.9030899869919435,-Inf
Vermont,2020-03-16,12,0,-Inf,1.0791812460476249,-Inf
Vermont,2020-03-17,12,0,-Inf,1.0791812460476249,-Inf
Vermont,2020-03-18,18,0,-Inf,1.255272505103306,-Inf
Vermont,2020-03-19,22,0,-Inf,1.3424226808222062,-Inf
Vermont,2020-03-20,29,2,-Inf,1.462397997898956,0.3010299956639812
Vermont,2020-03-21,29,2,-Inf,1.462397997898956,0.3010299956639812
Vermont,2020-03-22,52,2,-Inf,1.7160033436347992,0.3010299956639812
Vermont,2020-03-23,75,5,-Inf,1.8750612633917,0.6989700043360189
Vermont,2020-03-24,95,7,-Inf,1.9777236052888478,0.8450980400142568
Vermont,2020-03-25,125,8,-Inf,2.0969100130080562,0.9030899869919435
Vermont,2020-03-26,158,9,-Inf,2.1986570869544226,0.9542425094393249
Vermont,2020-03-27,184,10,-Inf,2.2648178230095364,1
Vermont,2020-03-28,211,12,-Inf,2.3242824552976926,1.0791812460476249
Vermont,2020-03-29,235,12,-Inf,2.3710678622717363,1.0791812460476249
Vermont,2020-03-30,256,12,-Inf,2.4082399653118496,1.0791812460476249
Vermont,2020-03-31,293,13,-Inf,2.4668676203541096,1.1139433523068367
Vermont,2020-04-01,321,16,-Inf,2.506505032404872,1.2041199826559248
Vermont,2020-04-02,338,17,-Inf,2.5289167002776547,1.2304489213782739
Vermont,2020-04-03,389,17,-Inf,2.5899496013257077,1.2304489213782739
Vermont,2020-04-04,461,20,-Inf,2.663700925389648,1.3010299956639813
Vermont,2020-04-05,512,22,-Inf,2.709269960975831,1.3424226808222062
Vermont,2020-04-06,543,23,-Inf,2.734799829588847,1.3617278360175928
Vermont,2020-04-07,575,23,-Inf,2.7596678446896306,1.3617278360175928
Vermont,2020-04-08,605,23,-Inf,2.781755374652469,1.3617278360175928
Virginia,2020-03-10,7,0,-Inf,0.8450980400142568,-Inf
Virginia,2020-03-11,9,0,-Inf,0.9542425094393249,-Inf
Virginia,2020-03-12,17,0,-Inf,1.2304489213782739,-Inf
Virginia,2020-03-13,30,0,-Inf,1.4771212547196624,-Inf
Virginia,2020-03-14,41,1,-Inf,1.6127838567197355,0
Virginia,2020-03-15,45,1,-Inf,1.6532125137753437,0
Virginia,2020-03-16,49,1,-Inf,1.6901960800285136,0
Virginia,2020-03-17,67,2,-Inf,1.8260748027008264,0.3010299956639812
Virginia,2020-03-18,77,2,-Inf,1.8864907251724818,0.3010299956639812
Virginia,2020-03-19,99,2,-Inf,1.99563519459755,0.3010299956639812
Virginia,2020-03-20,122,2,-Inf,2.0863598306747484,0.3010299956639812
Virginia,2020-03-21,156,2,-Inf,2.1931245983544616,0.3010299956639812
Virginia,2020-03-22,220,6,-Inf,2.342422680822206,0.7781512503836436
Virginia,2020-03-23,254,6,-Inf,2.404833716619938,0.7781512503836436
Virginia,2020-03-24,293,9,-Inf,2.4668676203541096,0.9542425094393249
Virginia,2020-03-25,396,9,-Inf,2.597695185925512,0.9542425094393249
Virginia,2020-03-26,466,10,-Inf,2.66838591669,1
Virginia,2020-03-27,607,10,-Inf,2.7831886910752575,1
Virginia,2020-03-28,740,13,-Inf,2.8692317197309762,1.1139433523068367
Virginia,2020-03-29,890,20,-Inf,2.949390006644913,1.3010299956639813
Virginia,2020-03-30,1020,15,-Inf,3.0086001717619175,1.1760912590556813
Virginia,2020-03-31,1249,27,-Inf,3.0965624383741357,1.4313637641589874
Virginia,2020-04-01,1483,34,-Inf,3.1711411510283822,1.5314789170422551
Virginia,2020-04-02,1706,41,-Inf,3.231979026831504,1.6127838567197355
Virginia,2020-04-03,2012,46,-Inf,3.30362797638389,1.662757831681574
Virginia,2020-04-04,2407,52,-Inf,3.38147609027503,1.7160033436347992
Virginia,2020-04-05,2640,52,-Inf,3.4216039268698313,1.7160033436347992
Virginia,2020-04-06,2878,66,-Inf,3.4590907896005865,1.8195439355418688
Virginia,2020-04-07,3335,66,-Inf,3.523095838252568,1.8195439355418688
Virginia,2020-04-08,3645,66,-Inf,3.5616975326539935,1.8195439355418688
Washington,2020-03-10,267,23,0,2.4265112613645754,1.3617278360175928
Washington,2020-03-11,366,29,0,2.5634810853944106,1.462397997898956
Washington,2020-03-12,442,31,0,2.645422269349092,1.4913616938342726
Washington,2020-03-13,568,37,0,2.754348335711019,1.568201724066995
Washington,2020-03-14,572,37,0,2.7573960287930244,1.568201724066995
Washington,2020-03-15,643,40,0,2.808210972924222,1.6020599913279625
Washington,2020-03-16,904,48,0,2.9561684304753633,1.6812412373755872
Washington,2020-03-17,1076,55,0,3.0318122713303706,1.7403626894942439
Washington,2020-03-18,1014,55,-Inf,3.0060379549973173,1.7403626894942439
Washington,2020-03-19,1376,74,-Inf,3.1386184338994925,1.8692317197309762
Washington,2020-03-20,1524,83,-Inf,3.1829849670035815,1.919078092376074
Washington,2020-03-21,1793,94,-Inf,3.253580289562183,1.9731278535996986
Washington,2020-03-22,1997,97,-Inf,3.3003780648707024,1.9867717342662448
Washington,2020-03-23,2221,109,-Inf,3.346548558548474,2.037426497940624
Washington,2020-03-24,2328,116,-Inf,3.3669829759778507,2.0644579892269186
Washington,2020-03-25,2591,133,-Inf,3.413467412985825,2.123851640967086
Washington,2020-03-26,3207,150,-Inf,3.5060989599284405,2.1760912590556813
Washington,2020-03-27,3477,157,-Inf,3.5412046906832586,2.1958996524092336
Washington,2020-03-28,4030,188,-Inf,3.6053050461411096,2.27415784926368
Washington,2020-03-29,4465,198,-Inf,3.649821463224565,2.296665190261531
Washington,2020-03-30,4923,205,-Inf,3.6922298357727557,2.311753861055754
Washington,2020-03-31,5432,225,-Inf,3.7349597612724454,2.3521825181113627
Washington,2020-04-01,5608,234,-Inf,3.7488080049586023,2.369215857410143
Washington,2020-04-02,6389,271,-Inf,3.80543288813214,2.432969290874406
Washington,2020-04-03,6846,291,-Inf,3.8354368948018585,2.4638929889859074
Washington,2020-04-04,7247,315,-Inf,3.8601582613182783,2.4983105537896004
Washington,2020-04-05,7825,336,-Inf,3.8934843462184863,2.526339277389844
Washington,2020-04-06,8311,381,-Inf,3.9196532823103643,2.5809249756756194
Washington,2020-04-07,8692,400,-Inf,3.939119717648487,2.6020599913279625
Washington,2020-04-08,9276,426,-Inf,3.9673607399659496,2.629409599102719
West Virginia,2020-03-10,0,0,-Inf,-Inf,-Inf
West Virginia,2020-03-11,0,0,-Inf,-Inf,-Inf
West Virginia,2020-03-12,0,0,-Inf,-Inf,-Inf
West Virginia,2020-03-13,0,0,-Inf,-Inf,-Inf
West Virginia,2020-03-14,0,0,-Inf,-Inf,-Inf
West Virginia,2020-03-15,0,0,-Inf,-Inf,-Inf
West Virginia,2020-03-16,0,0,-Inf,-Inf,-Inf
West Virginia,2020-03-17,1,0,-Inf,0,-Inf
West Virginia,2020-03-18,1,0,-Inf,0,-Inf
West Virginia,2020-03-19,2,0,-Inf,0.3010299956639812,-Inf
West Virginia,2020-03-20,7,0,-Inf,0.8450980400142568,-Inf
West Virginia,2020-03-21,8,0,-Inf,0.9030899869919435,-Inf
West Virginia,2020-03-22,16,0,-Inf,1.2041199826559248,-Inf
West Virginia,2020-03-23,16,0,-Inf,1.2041199826559248,-Inf
West Virginia,2020-03-24,22,0,-Inf,1.3424226808222062,-Inf
West Virginia,2020-03-25,39,0,-Inf,1.591064607026499,-Inf
West Virginia,2020-03-26,52,0,-Inf,1.7160033436347992,-Inf
West Virginia,2020-03-27,76,0,-Inf,1.8808135922807914,-Inf
West Virginia,2020-03-28,96,0,-Inf,1.9822712330395684,-Inf
West Virginia,2020-03-29,113,0,-Inf,2.05307844348342,-Inf
West Virginia,2020-03-30,145,1,-Inf,2.161368002234975,0
West Virginia,2020-03-31,162,1,-Inf,2.2095150145426308,0
West Virginia,2020-04-01,191,1,-Inf,2.2810333672477277,0
West Virginia,2020-04-02,216,2,-Inf,2.3344537511509307,0.3010299956639812
West Virginia,2020-04-03,237,2,-Inf,2.374748346010104,0.3010299956639812
West Virginia,2020-04-04,282,2,-Inf,2.450249108319361,0.3010299956639812
West Virginia,2020-04-05,324,3,-Inf,2.510545010206612,0.47712125471966244
West Virginia,2020-04-06,345,4,-Inf,2.537819095073274,0.6020599913279624
West Virginia,2020-04-07,412,4,-Inf,2.6148972160331345,0.6020599913279624
West Virginia,2020-04-08,483,4,-Inf,2.683947130751512,0.6020599913279624
Wisconsin,2020-03-10,3,0,0,0.47712125471966244,-Inf
Wisconsin,2020-03-11,6,0,0,0.7781512503836436,-Inf
Wisconsin,2020-03-12,8,0,0,0.9030899869919435,-Inf
Wisconsin,2020-03-13,19,0,0,1.2787536009528289,-Inf
Wisconsin,2020-03-14,27,0,0,1.4313637641589874,-Inf
Wisconsin,2020-03-15,32,0,0,1.505149978319906,-Inf
Wisconsin,2020-03-16,47,0,0,1.6720978579357175,-Inf
Wisconsin,2020-03-17,72,0,0,1.8573324964312685,-Inf
Wisconsin,2020-03-18,92,0,-Inf,1.9637878273455553,-Inf
Wisconsin,2020-03-19,159,0,-Inf,2.2013971243204513,-Inf
Wisconsin,2020-03-20,207,3,-Inf,2.315970345456918,0.47712125471966244
Wisconsin,2020-03-21,282,4,-Inf,2.450249108319361,0.6020599913279624
Wisconsin,2020-03-22,381,4,-Inf,2.5809249756756194,0.6020599913279624
Wisconsin,2020-03-23,425,5,-Inf,2.6283889300503116,0.6989700043360189
Wisconsin,2020-03-24,481,5,-Inf,2.682145076373832,0.6989700043360189
Wisconsin,2020-03-25,621,7,-Inf,2.79309160017658,0.8450980400142568
Wisconsin,2020-03-26,728,10,-Inf,2.862131379313037,1
Wisconsin,2020-03-27,926,14,-Inf,2.9666109866819346,1.146128035678238
Wisconsin,2020-03-28,1055,17,-Inf,3.0232524596337114,1.2304489213782739
Wisconsin,2020-03-29,1164,18,-Inf,3.06595298031387,1.255272505103306
Wisconsin,2020-03-30,1230,20,-Inf,3.089905111439398,1.3010299956639813
Wisconsin,2020-03-31,1412,25,-Inf,3.149834696715785,1.3979400086720377
Wisconsin,2020-04-01,1556,27,-Inf,3.1920095926536702,1.4313637641589874
Wisconsin,2020-04-02,1748,38,-Inf,3.2425414282983844,1.5797835966168101
Wisconsin,2020-04-03,2012,51,-Inf,3.30362797638389,1.7075701760979363
Wisconsin,2020-04-04,2030,54,-Inf,3.307496037913213,1.7323937598229686
Wisconsin,2020-04-05,2320,74,-Inf,3.3654879848909,1.8692317197309762
Wisconsin,2020-04-06,2449,78,-Inf,3.388988785124714,1.8920946026904804
Wisconsin,2020-04-07,2578,92,-Inf,3.4112829130173843,1.9637878273455553
Wisconsin,2020-04-08,2710,100,-Inf,3.432969290874406,2
Wyoming,2020-03-10,0,0,-Inf,-Inf,-Inf
Wyoming,2020-03-11,0,0,-Inf,-Inf,-Inf
Wyoming,2020-03-12,1,0,-Inf,0,-Inf
Wyoming,2020-03-13,1,0,-Inf,0,-Inf
Wyoming,2020-03-14,2,0,-Inf,0.3010299956639812,-Inf
Wyoming,2020-03-15,3,0,-Inf,0.47712125471966244,-Inf
Wyoming,2020-03-16,3,0,-Inf,0.47712125471966244,-Inf
Wyoming,2020-03-17,11,0,-Inf,1.041392685158225,-Inf
Wyoming,2020-03-18,15,0,-Inf,1.1760912590556813,-Inf
Wyoming,2020-03-19,18,0,-Inf,1.255272505103306,-Inf
Wyoming,2020-03-20,19,0,-Inf,1.2787536009528289,-Inf
Wyoming,2020-03-21,23,0,-Inf,1.3617278360175928,-Inf
Wyoming,2020-03-22,26,0,-Inf,1.414973347970818,-Inf
Wyoming,2020-03-23,26,0,-Inf,1.414973347970818,-Inf
Wyoming,2020-03-24,29,0,-Inf,1.462397997898956,-Inf
Wyoming,2020-03-25,44,0,-Inf,1.6434526764861874,-Inf
Wyoming,2020-03-26,53,0,-Inf,1.7242758696007892,-Inf
Wyoming,2020-03-27,70,0,-Inf,1.845098040014257,-Inf
Wyoming,2020-03-28,82,0,-Inf,1.9138138523837167,-Inf
Wyoming,2020-03-29,86,0,-Inf,1.9344984512435677,-Inf
Wyoming,2020-03-30,94,0,-Inf,1.9731278535996986,-Inf
Wyoming,2020-03-31,109,0,-Inf,2.037426497940624,-Inf
Wyoming,2020-04-01,130,0,-Inf,2.113943352306837,-Inf
Wyoming,2020-04-02,150,0,-Inf,2.1760912590556813,-Inf
Wyoming,2020-04-03,162,0,-Inf,2.2095150145426308,-Inf
Wyoming,2020-04-04,187,0,-Inf,2.271841606536499,-Inf
Wyoming,2020-04-05,197,0,-Inf,2.294466226161593,-Inf
Wyoming,2020-04-06,210,0,-Inf,2.322219294733919,-Inf
Wyoming,2020-04-07,216,0,-Inf,2.3344537511509307,-Inf
Wyoming,2020-04-08,221,0,-Inf,2.3443922736851106,-Inf
